90420332;FREKVENS;COCINA;265.0;
368814;NORDVIKEN;COCINA;995.0;
9333523;NORDVIKEN / NORDVIKEN;COCINA;2095.0;
80155205;STIG;COCINA;69.0;
30180504;NORBERG;COCINA;225.0;
10122647;INGOLF;COCINA;345.0;
70404875;FRANKLIN;COCINA;129.0;
60155602;DALFRED;COCINA;195.0;
50406465;FRANKLIN;COCINA;129.0;
69304221;EKEDALEN / EKEDALEN;COCINA;2176.0;
90404879;FRANKLIN;COCINA;149.0;
121766;INGOLF;COCINA;395.0;
397736;NORRARYD;COCINA;395.0;
50420329;FREKVENS;COCINA;177.0;
400550;EKEDALEN;COCINA;345.0;
29304826;TOMMARYD;COCINA;695.0;
40426138;HENRIKSDAL;COCINA;395.0;
50363649;KULLABERG;COCINA;140.0;
70246089;JANINGE;COCINA;595.0;
60406785;FRANKLIN;COCINA;149.0;
340759;EKEDALEN;COCINA;995.0;
30352246;RÅSKOG;COCINA;175.0;
10281354;JANINGE;COCINA;595.0;
90400517;EKEDALEN;COCINA;796.0;
400545;EKEDALEN;COCINA;345.0;
10400540;EKEDALEN;COCINA;345.0;
40400529;EKEDALEN;COCINA;796.0;
90319918;HENRIKSDAL;COCINA;695.0;
29297227;STENSELE / NORRARYD;COCINA;1340.0;
99323925;STENSELE;COCINA;550.0;
40339004;NORRÅKER;COCINA;595.0;
39184324;HENRIKSDAL;COCINA;435.0;
19297275;NORRÅKER / NORRÅKER;COCINA;1266.0;
60400745;YNGVAR;COCINA;475.0;
20336619;HENRIKSDAL;COCINA;40.0;
20429010;NORRÅKER;COCINA;395.0;
80369112;NORDVIKEN;COCINA;275.0;
89280380;NORRÅKER / NORRARYD;COCINA;1385.0;
29304223;EKEDALEN / EKEDALEN;COCINA;2375.0;
49304217;EKEDALEN / EKEDALEN;COCINA;2176.0;
272656;BERNHARD;COCINA;745.0;
79241940;NORRÅKER / NORRÅKER;COCINA;1385.0;
89297272;NORRÅKER / NORRARYD;COCINA;1266.0;
9288224;STENSELE;COCINA;550.0;
30135658;GLENN;COCINA;445.0;
49297274;NORRÅKER / NORRÅKER;COCINA;1266.0;
30308395;RÅSKOG;COCINA;175.0;
29123958;MINNEN;CAMAS;395.0;
49278341;BRIMNES;CAMAS;895.0;
50461230;SMÅGÖRA;CAMAS;595.0;
89326463;PLATSA;CAMAS;2111.0;
50468953;VATTVIKEN;CAMAS;995.0;
69326609;SLÄKT;CAMAS;540.0;
59099136;BRIMNES;CAMAS;795.0;
40395245;NEIDEN;CAMAS;99.0;
69277307;LEIRVIK;CAMAS;1195.0;
70395239;NEIDEN;CAMAS;199.0;
89931560;HEMNES;CAMAS;675.0;
30446373;SLATTUM;CAMAS;595.0;
59248612;NEIDEN;CAMAS;199.0;
19254209;SAGSTUA;CAMAS;545.0;
20400691;BRIMNES;CAMAS;575.0;
39019701;ASKVOLL;CAMAS;445.0;
69912770;TRYSIL;CAMAS;525.0;
29931596;MALM;CAMAS;495.0;
29179554;RAMSTA;CAMAS;445.0;
9241043;SONGESAND;CAMAS;395.0;
19175957;MALM;CAMAS;920.0;
19185433;SNIGLAR;CAMAS;195.0;
39122072;LAUVIK;CAMAS;1729.0;
79902935;BRIMNES;CAMAS;575.0;
90349326;HEMNES;CAMAS;1495.0;
99157983;NESTTUN;CAMAS;595.0;
69057522;TYSSEDAL;CAMAS;1395.0;
79012991;MALM;CAMAS;670.0;
249487;MALM;CAMAS;445.0;
89227731;SLÄKT;CAMAS;995.0;
90331091;RIDABU;CAMAS;100.0;
69185435;KRITTER;CAMAS;360.0;
29194427;HEMNES;CAMAS;1375.0;
89305446;PLATSA;CAMAS;2600.5;
19259631;SAGSTUA;CAMAS;745.0;
80017389;SANDVIKA;CAMAS;295.0;
39248608;NEIDEN;CAMAS;399.0;
69323757;MINNEN;CAMAS;395.0;
79227755;SLÄKT;CAMAS;375.0;
90354327;HAMMARN;CAMAS;399.0;
79247598;BJÖRKSNÄS;CAMAS;2040.0;
10362963;SLÄKT;CAMAS;425.0;
9241420;NORDLI;CAMAS;2290.0;
20424362;FYRESDAL;CAMAS;549.0;
69241097;SONGESAND;CAMAS;570.0;
39931609;MALM;CAMAS;945.0;
20467629;MYDAL;CAMAS;895.0;
239233;TUFFING;CAMAS;475.0;
29239459;SÄBÖVIK;CAMAS;1745.0;
60116960;LYCKSELE;CAMAS;100.0;
89019992;TARVA;CAMAS;871.0;
30249546;HEMNES;CAMAS;695.0;
89019572;HEMNES;CAMAS;995.0;
70305700;BUSUNGE;CAMAS;795.0;
40433902;MARKERAD;CAMAS;480.0;
79129986;GJÖRA;CAMAS;1640.0;
360484;UTÅKER;CAMAS;695.0;
44361010;BRYNE;CAMAS;49.0;
80253809;KURA;CAMAS;745.0;
39216754;FRIHETEN;CAMAS;1846.0;
10448325;VITVAL;CAMAS;295.0;
30160209;LURÖY;CAMAS;100.0;
30248537;SNIGLAR;CAMAS;295.0;
29188822;HEMNES;CAMAS;1145.0;
60372276;HEMNES;CAMAS;1495.0;
19009562;MALM;CAMAS;545.0;
99239451;SLÄKT;CAMAS;620.0;
99287550;DELAKTIG;CAMAS;2195.0;
19268763;STUVA;CAMAS;1725.0;
29250753;LAUVIK;CAMAS;2425.0;
49303393;VIMLE;CAMAS;1400.0;
89186778;KONGSFJORD;CAMAS;8551.0;
9306416;NYHAMN;CAMAS;1470.0;
50340163;NYHAMN;CAMAS;450.0;
29291956;SLÄKT;CAMAS;1395.0;
70284203;ASKEBY;CAMAS;995.0;
20228709;BRIMNES;CAMAS;220.0;
49046068;SUNDVIK;CAMAS;849.0;
20404806;MALM;CAMAS;1595.0;
9186126;HEMNES;CAMAS;2185.0;
70362427;SOLGUL;CAMAS;395.0;
102452;MYDAL;CAMAS;795.0;
40349847;NORDLI;CAMAS;1595.0;
30099293;VIKARE;CAMAS;95.0;
70426537;DELAKTIG;CAMAS;595.0;
90299449;TUFFING;CAMAS;645.0;
39277498;VALLENTUNA;CAMAS;1848.0;
40411410;VITVAL;CAMAS;200.0;
89302914;PLATSA;CAMAS;2307.0;
10453086;PLATSA;CAMAS;1195.0;
9324284;PLATSA;CAMAS;3339.0;
19302922;VITVAL;CAMAS;1590.0;
90229017;BUSUNGE;CAMAS;795.0;
80341496;NYHAMN;CAMAS;600.0;
228705;BRIMNES;CAMAS;1095.0;
29241160;SONGESAND;CAMAS;1245.0;
59167074;LAUVIK;CAMAS;2146.0;
89386070;SLÄKT;CAMAS;1260.0;
10247973;SVÄRTA;CAMAS;895.0;
99278070;VALLENTUNA;CAMAS;7796.0;
19166180;LYCKSELE MURBO;CAMAS;1445.0;
79288188;DELAKTIG;CAMAS;2595.0;
99302918;PLATSA;CAMAS;1767.0;
60433901;MARKERAD;CAMAS;267.0;
102065;LYCKSELE LÖVÅS;CAMAS;495.0;
39227837;UTÅKER;CAMAS;1285.0;
39041660;SUNDVIK;CAMAS;849.0;
59302915;PLATSA;CAMAS;2905.0;
60299691;BRYNILEN;CAMAS;30.0;
39279280;FYRESDAL;CAMAS;1139.0;
9149879;VALLENTUNA;CAMAS;1160.0;
19287530;DELAKTIG;CAMAS;1400.0;
400692;BRIMNES;CAMAS;220.0;
19326428;SLÄKT;CAMAS;520.0;
80332468;SUFFLETT;CAMAS;85.0;
90332458;KURA;CAMAS;175.0;
90338403;LÖVA;CAMAS;55.0;
99211621;HEMNES;CAMAS;2085.0;
20320128;FLEKKE;CAMAS;1495.0;
69304829;MARKERAD;CAMAS;1092.0;
99302975;PLATSA;CAMAS;2163.5;
50393830;KURA;CAMAS;149.0;
89275265;STUVA / FÖLJA;CAMAS;1915.0;
39288128;DELAKTIG;CAMAS;2495.0;
70340567;GRÄLVIKEN;CAMAS;1995.0;
89240761;HOLMSUND;CAMAS;2295.0;
59250756;LAUVIK;CAMAS;2902.0;
79253259;STUVA / FRITIDS;CAMAS;1990.0;
20247982;SVÄRTA;CAMAS;875.0;
9302913;PLATSA;CAMAS;1611.0;
29278101;GRÖNLID;CAMAS;3595.0;
80411272;VITVAL;CAMAS;1295.0;
49278591;GRÖNLID;CAMAS;7610.0;
19129932;BRIMNES;CAMAS;1795.0;
80362974;SLÄKT;CAMAS;295.0;
10372976;NORDLI;CAMAS;695.0;
69287537;DELAKTIG;CAMAS;2095.0;
257953;GONATT;CAMAS;1095.0;
20299688;BRENNÅSEN;CAMAS;30.0;
9217849;BRÅTHULT;CAMAS;1991.0;
19302917;PLATSA;CAMAS;2210.0;
59151271;SVÄRTA;CAMAS;1175.0;
9306435;NYHAMN;CAMAS;1445.0;
29277639;LIDHULT;CAMAS;9585.0;
40299687;BURFJORD;CAMAS;40.0;
49277105;VALLENTUNA;CAMAS;4488.0;
69302566;VITVAL;CAMAS;1195.0;
9278003;VALLENTUNA;CAMAS;5780.0;
19290014;LIDHULT;CAMAS;3340.0;
20426525;DELAKTIG;CAMAS;495.0;
10248519;GULLIVER;CAMAS;595.0;
60429471;DELAKTIG;CAMAS;200.0;
89300750;FLOTTEBO;CAMAS;2236.0;
29288100;DELAKTIG;CAMAS;1800.0;
49292686;VIMLE;CAMAS;4645.0;
49306443;NYHAMN;CAMAS;1295.0;
45932080;SULTAN;CAMAS;50.0;
10309616;BÅTSFJORD;CAMAS;30.0;
79186774;KONGSFJORD;CAMAS;8356.0;
99183864;FLEKKE;CAMAS;2185.0;
70248564;SUNDVIK;CAMAS;695.0;
79217902;SANDBACKEN;CAMAS;1841.0;
79150746;HOLMSUND;CAMAS;2995.0;
29277724;VALLENTUNA;CAMAS;4320.0;
59297481;FLOTTEBO;CAMAS;1596.0;
9306355;NYHAMN;CAMAS;1520.0;
20249896;SVÄRTA;CAMAS;300.0;
29266184;LIDHULT;CAMAS;7785.0;
29278158;GRÖNLID;CAMAS;4270.0;
49268653;STUVA / FRITIDS;CAMAS;2025.0;
60102067;LYCKSELE HÅVET;CAMAS;795.0;
248567;SUNDVIK;CAMAS;695.0;
60431563;FRIHETEN;CAMAS;1845.0;
29285521;VIMLE;CAMAS;2945.0;
89278481;GRÖNLID;CAMAS;4790.0;
70299695;BJORLI;CAMAS;40.0;
50456417;SLÄKT;CAMAS;75.0;
40296599;KURA;CAMAS;125.0;
10311228;KURA;CAMAS;125.0;
9277918;VALLENTUNA;CAMAS;4036.0;
19290603;LIDHULT;CAMAS;4841.0;
80309613;BRATTVÅG;CAMAS;50.0;
59277652;VALLENTUNA;CAMAS;2932.0;
69278415;GRÖNLID;CAMAS;4390.0;
80102066;LYCKSELE MURBO;CAMAS;695.0;
89253169;STUVA / FRITIDS;CAMAS;995.0;
10411242;VITVAL;CAMAS;995.0;
19285588;VIMLE;CAMAS;3355.0;
29297454;FLOTTEBO;CAMAS;1676.0;
99280884;LYCKSELE LÖVÅS;CAMAS;1345.0;
9278569;GRÖNLID;CAMAS;6110.0;
19299726;VIMLE;CAMAS;7765.0;
29257066;LIDHULT;CAMAS;4040.0;
39292465;VIMLE;CAMAS;4120.0;
69292275;VIMLE;CAMAS;4265.0;
79267280;STUVA / FRITIDS;CAMAS;995.0;
99275241;STUVA / FÖLJA;CAMAS;1980.0;
50201534;GONATT;CAMAS;1095.0;
80332473;SUFFLETT;CAMAS;85.0;
39253176;STUVA / FRITIDS;CAMAS;995.0;
69297471;FLOTTEBO;CAMAS;1996.0;
39266094;LIDHULT;CAMAS;5840.0;
89149936;LYCKSELE HÅVET;CAMAS;1645.0;
39277196;GRÖNLID;CAMAS;3145.0;
59266074;LIDHULT;CAMAS;7873.0;
39180566;STUVA / FÖLJA;CAMAS;985.0;
39266008;LIDHULT;CAMAS;5553.0;
49253185;STUVA / FRITIDS;CAMAS;995.0;
59297141;JONAXEL;ESTANTERIAS;135.0;
59201841;OLAUS;ESTANTERIAS;290.0;
59297674;JONAXEL;ESTANTERIAS;915.0;
450347;KOLBJÖRN;ESTANTERIAS;345.0;
69297287;JONAXEL;ESTANTERIAS;375.0;
99303461;IVAR;ESTANTERIAS;1385.0;
70261131;GERSBY;ESTANTERIAS;95.0;
20275814;KALLAX;ESTANTERIAS;115.0;
60282186;LACK;ESTANTERIAS;199.0;
278578;HYLLIS;ESTANTERIAS;59.0;
80275887;KALLAX;ESTANTERIAS;250.0;
50419972;JONAXEL;ESTANTERIAS;175.0;
30428326;HYLLIS;ESTANTERIAS;39.0;
90282180;LACK;ESTANTERIAS;39.0;
40178591;LAIVA;ESTANTERIAS;85.0;
40322876;SVALNÄS;ESTANTERIAS;270.0;
20346072;KALLAX;ESTANTERIAS;30.0;
90305803;VITTSJÖ;ESTANTERIAS;245.0;
263850;BILLY;ESTANTERIAS;185.0;
50263838;BILLY;ESTANTERIAS;145.0;
30419973;JONAXEL;ESTANTERIAS;75.0;
39318031;HYLLIS;ESTANTERIAS;137.0;
19222299;KALLAX;ESTANTERIAS;450.0;
30318163;IVAR;ESTANTERIAS;35.0;
275848;KALLAX;ESTANTERIAS;195.0;
50214678;VITTSJÖ;ESTANTERIAS;225.0;
39031411;HEJNE;ESTANTERIAS;165.0;
40415465;LOMMARP;ESTANTERIAS;476.0;
40033763;IVAR;ESTANTERIAS;295.0;
50339292;FJÄLLBO;ESTANTERIAS;495.0;
20312492;OBSERVATÖR;ESTANTERIAS;15.0;
59278307;KALLAX;ESTANTERIAS;500.0;
80263832;BILLY;ESTANTERIAS;95.0;
19189030;EKET;ESTANTERIAS;656.0;
69155853;BILLY;ESTANTERIAS;1510.0;
50282182;LACK;ESTANTERIAS;99.0;
30334605;EKET;ESTANTERIAS;220.0;
40277143;GNEDBY;ESTANTERIAS;125.0;
50279066;LIATORP;ESTANTERIAS;450.0;
80295526;BESTÅ;ESTANTERIAS;25.0;
50282177;LACK;ESTANTERIAS;19.0;
319135;IVAR;ESTANTERIAS;570.0;
79286434;EKET;ESTANTERIAS;620.0;
69281804;BILLY / OXBERG;ESTANTERIAS;915.0;
287808;HEJNE;ESTANTERIAS;45.0;
10261129;FINNBY;ESTANTERIAS;149.0;
20213312;VITTSJÖ;ESTANTERIAS;395.0;
29281066;BILLY / OXBERG;ESTANTERIAS;385.0;
30381593;IVAR;ESTANTERIAS;345.0;
90344456;VILTO;ESTANTERIAS;275.0;
30263844;BILLY;ESTANTERIAS;115.0;
70301542;KALLAX;ESTANTERIAS;725.0;
322859;SVALNÄS;ESTANTERIAS;90.0;
69017828;BILLY / OXBERG;ESTANTERIAS;575.0;
19286390;EKET;ESTANTERIAS;400.0;
9305087;JONAXEL;ESTANTERIAS;135.0;
79902657;VITTSJÖ;ESTANTERIAS;554.0;
79302721;BESTÅ;ESTANTERIAS;920.0;
70342199;FJÄLLBO;ESTANTERIAS;295.0;
70364290;OLAUS;ESTANTERIAS;19.0;
60413502;HEMNES;ESTANTERIAS;796.0;
39287398;BILLY / OXBERG;ESTANTERIAS;340.0;
39278290;KALLAX;ESTANTERIAS;345.0;
99291745;HYLLIS;ESTANTERIAS;84.0;
49280042;BILLY / OXBERG;ESTANTERIAS;315.0;
90301555;KALLAX;ESTANTERIAS;115.0;
70302283;BRUSALI;ESTANTERIAS;237.0;
9197436;KALLAX;ESTANTERIAS;450.0;
99286838;BESTÅ / EKET;ESTANTERIAS;1719.0;
20417205;STUK;ESTANTERIAS;35.0;
60419962;JONAXEL;ESTANTERIAS;15.0;
295554;BESTÅ;ESTANTERIAS;25.0;
20409936;KALLAX;ESTANTERIAS;395.0;
90301225;BRIMNES;ESTANTERIAS;445.0;
20323358;BILLY;ESTANTERIAS;50.0;
60364295;OLAUS;ESTANTERIAS;145.0;
90394470;BOTTNA;ESTANTERIAS;15.0;
9017826;BILLY;ESTANTERIAS;345.0;
69251345;IVAR;ESTANTERIAS;420.0;
79306875;EKET;ESTANTERIAS;250.0;
40218554;ALGOT;ESTANTERIAS;15.6;
30409295;KOLBJÖRN;ESTANTERIAS;345.0;
60295706;MOSTORP;ESTANTERIAS;417.0;
80385616;BILLY;ESTANTERIAS;516.0;
90311069;OBSERVATÖR;ESTANTERIAS;15.0;
69281776;BILLY;ESTANTERIAS;585.0;
70339291;FJÄLLBO;ESTANTERIAS;495.0;
20345633;KOLBJÖRN;ESTANTERIAS;695.0;
89248205;IVAR;ESTANTERIAS;440.0;
99294560;VITTSJÖ;ESTANTERIAS;695.0;
29276531;ALGOT;ESTANTERIAS;509.0;
40347886;EDVALLA;ESTANTERIAS;25.0;
79017837;BILLY;ESTANTERIAS;370.0;
79305098;JONAXEL;ESTANTERIAS;180.0;
79278250;KALLAX;ESTANTERIAS;595.0;
39903791;ALGOT;ESTANTERIAS;196.0;
89286382;EKET;ESTANTERIAS;640.0;
10275862;KALLAX;ESTANTERIAS;495.0;
69190861;EKET;ESTANTERIAS;435.0;
9189484;EKET;ESTANTERIAS;978.0;
10218517;ALGOT;ESTANTERIAS;18.0;
9279050;OLAUS;ESTANTERIAS;772.0;
79278269;KALLAX;ESTANTERIAS;215.0;
99277122;BILLY / BOTTNA;ESTANTERIAS;140.0;
19046442;LIATORP;ESTANTERIAS;4335.0;
69285939;HYLLIS;ESTANTERIAS;51.0;
59902658;VITTSJÖ;ESTANTERIAS;620.0;
29286417;EKET;ESTANTERIAS;265.0;
40450350;KOLBJÖRN;ESTANTERIAS;225.0;
39285827;EKET;ESTANTERIAS;80.0;
89248314;IVAR;ESTANTERIAS;275.0;
334536;EKET;ESTANTERIAS;235.0;
49189199;EKET;ESTANTERIAS;347.0;
9294526;VITTSJÖ;ESTANTERIAS;490.0;
59206004;BESTÅ;ESTANTERIAS;1235.0;
99017445;KALLAX;ESTANTERIAS;350.0;
40309573;STUK;ESTANTERIAS;35.0;
49046978;HEJNE;ESTANTERIAS;705.0;
10429992;JONAXEL;ESTANTERIAS;55.0;
50236487;ALGOT;ESTANTERIAS;6.0;
10279860;MORLIDEN;ESTANTERIAS;200.0;
29299165;BESTÅ;ESTANTERIAS;925.0;
116595;LIATORP;ESTANTERIAS;995.0;
99300839;BESTÅ;ESTANTERIAS;1620.0;
50343147;BROR;ESTANTERIAS;15.0;
59182201;BILLY;ESTANTERIAS;285.0;
79301788;BESTÅ;ESTANTERIAS;1820.0;
10428332;HYLLIS;ESTANTERIAS;12.0;
40322862;SVALNÄS;ESTANTERIAS;80.0;
9287413;BILLY / OXBERG;ESTANTERIAS;470.0;
29287389;BILLY / OXBERG;ESTANTERIAS;290.0;
49248311;IVAR;ESTANTERIAS;310.0;
49227605;ENETRI;ESTANTERIAS;412.0;
89302971;BESTÅ;ESTANTERIAS;2470.0;
80336433;GUBCOCINAP;ESTANTERIAS;3.0;
50218563;ALGOT;ESTANTERIAS;6.0;
30429991;JONAXEL;ESTANTERIAS;20.0;
19306185;JONAXEL;ESTANTERIAS;160.0;
69208026;BESTÅ;ESTANTERIAS;1725.0;
89017832;BILLY / OXBERG;ESTANTERIAS;1150.0;
80349001;EKET;ESTANTERIAS;45.0;
69303504;IVAR;ESTANTERIAS;625.0;
89287433;BILLY / OXBERG;ESTANTERIAS;505.0;
9384051;HEMNES;ESTANTERIAS;3986.0;
89017827;BILLY;ESTANTERIAS;795.0;
69325902;IVAR;ESTANTERIAS;335.0;
29248557;IVAR;ESTANTERIAS;1275.0;
70245952;BESTÅ;ESTANTERIAS;170.0;
89317557;KOLBJÖRN;ESTANTERIAS;570.0;
39311765;ALGOT;ESTANTERIAS;529.0;
20333951;EKET;ESTANTERIAS;236.0;
10429987;JONAXEL;ESTANTERIAS;15.0;
20419964;JONAXEL;ESTANTERIAS;25.0;
9184448;SVALNÄS;ESTANTERIAS;620.0;
99902661;VITTSJÖ;ESTANTERIAS;609.0;
99020476;BILLY / GNEDBY;ESTANTERIAS;940.0;
69020473;BILLY / OXBERG;ESTANTERIAS;2295.0;
90344927;EKET;ESTANTERIAS;99.0;
89276463;BROR;ESTANTERIAS;445.0;
90218561;ALGOT;ESTANTERIAS;29.0;
89309722;IVAR;ESTANTERIAS;235.0;
20278167;KALLAX;ESTANTERIAS;50.0;
59248377;IVAR;ESTANTERIAS;795.0;
69284987;BESTÅ;ESTANTERIAS;420.0;
90323393;FIXA;ESTANTERIAS;5.6;
9306204;JONAXEL;ESTANTERIAS;585.0;
60245957;BESTÅ;ESTANTERIAS;100.0;
29286460;EKET;ESTANTERIAS;1002.0;
80373703;EKET;ESTANTERIAS;65.0;
87749600;OBSERVATÖR;ESTANTERIAS;5.0;
70286645;KALLAX;ESTANTERIAS;75.0;
80322860;SVALNÄS;ESTANTERIAS;70.0;
9297488;JONAXEL;ESTANTERIAS;230.0;
29281783;BILLY / OXBERG;ESTANTERIAS;1255.0;
59197981;BESTÅ;ESTANTERIAS;770.0;
49061228;BESTÅ;ESTANTERIAS;510.0;
59248551;IVAR;ESTANTERIAS;775.0;
19291650;KOLBJÖRN;ESTANTERIAS;1265.0;
50046152;HEDRA;ESTANTERIAS;9.0;
50293604;BESTÅ;ESTANTERIAS;15.0;
90419965;JONAXEL;ESTANTERIAS;20.0;
338412;BAGGANÄS;ESTANTERIAS;27.0;
20348896;ÖSTERNÄS;ESTANTERIAS;49.0;
59282998;BROR;ESTANTERIAS;580.0;
30434186;ALGOT;ESTANTERIAS;30.0;
70344933;EKET;ESTANTERIAS;625.0;
29205534;BESTÅ;ESTANTERIAS;1081.0;
90294989;SKUBB;ESTANTERIAS;49.0;
80318165;IVAR;ESTANTERIAS;49.0;
30333286;BROR;ESTANTERIAS;645.0;
80430204;HYLLIS;ESTANTERIAS;25.0;
19291645;KOLBJÖRN;ESTANTERIAS;570.0;
20423720;KALLAX;ESTANTERIAS;75.0;
89297130;JONAXEL;ESTANTERIAS;115.0;
450352;IVAR;ESTANTERIAS;345.0;
347888;EDVALLA;ESTANTERIAS;25.0;
49297491;JONAXEL;ESTANTERIAS;195.0;
59317554;JONAXEL;ESTANTERIAS;515.0;
20218545;ALGOT;ESTANTERIAS;9.0;
10322849;SVALNÄS;ESTANTERIAS;45.0;
60295532;BESTÅ;ESTANTERIAS;30.0;
49286341;EKET;ESTANTERIAS;268.0;
49301921;BESTÅ;ESTANTERIAS;1155.0;
99286862;BESTÅ / EKET;ESTANTERIAS;1578.0;
59248320;IVAR;ESTANTERIAS;371.0;
10338421;BAGGANÄS;ESTANTERIAS;27.0;
335885;SKÅDIS;ESTANTERIAS;6.0;
70391038;HAVSTA;ESTANTERIAS;695.0;
10334611;EKET;ESTANTERIAS;75.0;
89272709;BROR;ESTANTERIAS;1710.0;
9177626;BILLY;ESTANTERIAS;305.0;
19266603;BESTÅ;ESTANTERIAS;910.0;
29248208;IVAR;ESTANTERIAS;2275.0;
80344923;EKET;ESTANTERIAS;375.0;
49189203;EKET;ESTANTERIAS;515.0;
99297144;JONAXEL;ESTANTERIAS;170.0;
10293597;NANNARP;ESTANTERIAS;40.0;
40347508;ENERYDA;ESTANTERIAS;22.0;
80334617;EKET;ESTANTERIAS;12.0;
39231603;BESTÅ;ESTANTERIAS;795.0;
60443622;BESTÅ;ESTANTERIAS;150.0;
69287373;BILLY / MORLIDEN;ESTANTERIAS;315.0;
99248554;IVAR;ESTANTERIAS;1020.0;
29278262;KALLAX;ESTANTERIAS;745.0;
79286636;EKET;ESTANTERIAS;2020.0;
10434187;ALGOT;ESTANTERIAS;9.0;
60409294;KOLBJÖRN;ESTANTERIAS;225.0;
30284846;BESTÅ;ESTANTERIAS;25.0;
19297138;JONAXEL;ESTANTERIAS;200.0;
50373709;EKET;ESTANTERIAS;79.0;
79094213;ALGOT;ESTANTERIAS;271.2;
89030584;KALLAX;ESTANTERIAS;555.0;
344941;EKET;ESTANTERIAS;175.0;
10318159;IVAR;ESTANTERIAS;25.0;
40452617;BROR;ESTANTERIAS;85.0;
49311492;JONAXEL;ESTANTERIAS;95.0;
59276266;BESTÅ;ESTANTERIAS;1380.0;
19286272;EKET;ESTANTERIAS;255.0;
90334612;EKET;ESTANTERIAS;45.0;
30269129;BESTÅ BURS;ESTANTERIAS;1195.0;
286677;HEJNE;ESTANTERIAS;35.0;
323359;BILLY;ESTANTERIAS;80.0;
60293566;STUBCOCINAP;ESTANTERIAS;35.0;
50347503;ENERYDA;ESTANTERIAS;17.0;
80294503;BESTÅ;ESTANTERIAS;375.0;
39272641;BROR;ESTANTERIAS;345.0;
10265293;BILLY;ESTANTERIAS;30.0;
20245959;BESTÅ;ESTANTERIAS;110.0;
60334312;BILLSBRO;ESTANTERIAS;35.0;
9248544;IVAR;ESTANTERIAS;1155.0;
10364293;OLAUS;ESTANTERIAS;29.0;
60371762;HEMNES;ESTANTERIAS;556.0;
296351;SELSVIKEN;ESTANTERIAS;60.0;
19020480;BILLY / MORLIDEN;ESTANTERIAS;695.0;
49133616;KALLAX;ESTANTERIAS;755.0;
79294542;VITTSJÖ;ESTANTERIAS;640.0;
10334319;BILLSBRO;ESTANTERIAS;55.0;
10443629;GLASSVIK;ESTANTERIAS;175.0;
29287445;BILLY / OXBERG;ESTANTERIAS;500.0;
49203355;BESTÅ;ESTANTERIAS;2534.5;
20365188;GALANT;ESTANTERIAS;575.0;
40364060;LAPPVIKEN;ESTANTERIAS;38.5;
70340044;EKET;ESTANTERIAS;15.0;
79189150;EKET;ESTANTERIAS;1044.0;
30294987;SKUBB;ESTANTERIAS;49.0;
70294508;BESTÅ;ESTANTERIAS;475.0;
39303968;BROR;ESTANTERIAS;565.0;
49285817;EKET;ESTANTERIAS;94.0;
60322861;SVALNÄS;ESTANTERIAS;100.0;
10218536;ALGOT;ESTANTERIAS;20.0;
10333287;BROR;ESTANTERIAS;105.0;
70443626;NOTVIKEN;ESTANTERIAS;100.0;
30323367;OXBERG;ESTANTERIAS;200.0;
40299885;BESTÅ;ESTANTERIAS;475.0;
40348715;BESTÅ;ESTANTERIAS;25.0;
80322855;BERGHALLA;ESTANTERIAS;22.0;
9017831;BILLY / MORLIDEN;ESTANTERIAS;925.0;
10422325;IVAR;ESTANTERIAS;45.0;
19282924;BESTÅ;ESTANTERIAS;1570.0;
30338415;BAGGANÄS;ESTANTERIAS;22.0;
99217755;BILLY / OXBERG;ESTANTERIAS;995.0;
69184431;SVALNÄS;ESTANTERIAS;450.0;
408297;BOTTNA;ESTANTERIAS;45.0;
40390766;SULARP;ESTANTERIAS;45.5;
80419961;JONAXEL;ESTANTERIAS;25.0;
79276246;ALGOT;ESTANTERIAS;429.0;
20452618;BROR;ESTANTERIAS;95.0;
39291748;HYLLIS;ESTANTERIAS;186.0;
89277113;BILLY / BOTTNA;ESTANTERIAS;245.0;
19030592;KALLAX;ESTANTERIAS;615.0;
29280731;BILLY / OXBERG;ESTANTERIAS;1330.0;
59204420;BESTÅ / EKET;ESTANTERIAS;1469.0;
89020472;BILLY;ESTANTERIAS;915.0;
19194649;BESTÅ;ESTANTERIAS;4260.0;
19903834;ALGOT;ESTANTERIAS;302.0;
39323990;JONAXEL;ESTANTERIAS;660.0;
29277352;ALGOT;ESTANTERIAS;183.6;
70347516;ENERYDA;ESTANTERIAS;35.0;
29248374;IVAR;ESTANTERIAS;795.0;
59277119;BILLY / BOTTNA;ESTANTERIAS;235.0;
89303956;BROR;ESTANTERIAS;515.0;
347505;ENERYDA;ESTANTERIAS;35.0;
10245846;BESTÅ;ESTANTERIAS;225.0;
348717;BESTÅ;ESTANTERIAS;25.0;
40295302;BESTÅ;ESTANTERIAS;100.0;
49248325;IVAR;ESTANTERIAS;612.0;
59297438;JONAXEL;ESTANTERIAS;140.0;
9248351;IVAR;ESTANTERIAS;592.0;
9305068;BESTÅ;ESTANTERIAS;1390.0;
19231152;HEMNES;ESTANTERIAS;2346.0;
29287370;BILLY / MORLIDEN;ESTANTERIAS;415.0;
30333842;BROR;ESTANTERIAS;95.0;
39283003;BROR;ESTANTERIAS;855.0;
69248348;IVAR;ESTANTERIAS;350.0;
9297657;JONAXEL;ESTANTERIAS;390.0;
49280749;BILLY / OXBERG;ESTANTERIAS;1790.0;
49297660;JONAXEL;ESTANTERIAS;490.0;
49298594;BESTÅ;ESTANTERIAS;990.0;
59177624;BILLY / OXBERG;ESTANTERIAS;1735.0;
60441581;NOTVIKEN;ESTANTERIAS;60.0;
79297526;BESTÅ;ESTANTERIAS;1620.0;
99020481;BILLY / OXBERG;ESTANTERIAS;1570.0;
99046443;LIATORP;ESTANTERIAS;3435.0;
60333850;BROR;ESTANTERIAS;495.0;
70265247;MÖLLARP;ESTANTERIAS;17.0;
39272655;BROR;ESTANTERIAS;375.0;
80339790;HACKÅS;ESTANTERIAS;17.0;
30342479;HACKÅS;ESTANTERIAS;32.0;
40401859;ALGOT;ESTANTERIAS;10.0;
30247378;BESTÅ;ESTANTERIAS;125.0;
80247371;BESTÅ;ESTANTERIAS;225.0;
73755709;IVAR;ESTANTERIAS;45.0;
99031408;HEJNE;ESTANTERIAS;735.0;
20245964;BESTÅ;ESTANTERIAS;135.0;
29221765;SVALNÄS;ESTANTERIAS;660.0;
39017486;KALLAX;ESTANTERIAS;695.0;
59291634;KOLBJÖRN;ESTANTERIAS;1140.0;
9302908;IVAR;ESTANTERIAS;588.0;
30236153;ORRNÄS;ESTANTERIAS;17.0;
40419958;JONAXEL;ESTANTERIAS;70.0;
89280747;BILLY / OXBERG;ESTANTERIAS;1480.0;
9287979;IVAR;ESTANTERIAS;636.0;
351248;BESTÅ;ESTANTERIAS;75.0;
10343328;VEBERÖD;ESTANTERIAS;645.0;
59287340;BILLY;ESTANTERIAS;1085.0;
9251348;IVAR;ESTANTERIAS;1137.0;
9301131;BESTÅ;ESTANTERIAS;1150.0;
29286728;EKET;ESTANTERIAS;1830.0;
40422324;IVAR;ESTANTERIAS;135.0;
49275088;HAVSTA;ESTANTERIAS;625.0;
59184441;SVALNÄS;ESTANTERIAS;2605.0;
59203128;BESTÅ;ESTANTERIAS;1824.5;
69903836;ALGOT;ESTANTERIAS;130.0;
70299879;BESTÅ;ESTANTERIAS;595.0;
89299129;BESTÅ;ESTANTERIAS;1645.0;
89311466;JONAXEL;ESTANTERIAS;830.0;
338407;BAGGANÄS;ESTANTERIAS;35.0;
99291646;KOLBJÖRN;ESTANTERIAS;450.0;
9297134;JONAXEL;ESTANTERIAS;150.0;
20291630;SELSVIKEN;ESTANTERIAS;125.0;
80261258;BESTÅ;ESTANTERIAS;25.0;
340047;EKET;ESTANTERIAS;15.0;
70323600;BILLSBRO;ESTANTERIAS;19.0;
50342478;HACKÅS;ESTANTERIAS;50.0;
10291678;LAPPVIKEN;ESTANTERIAS;45.0;
40351246;BESTÅ;ESTANTERIAS;60.0;
295530;BESTÅ;ESTANTERIAS;25.0;
30291682;LAPPVIKEN;ESTANTERIAS;45.0;
70370352;MOSSARYD;ESTANTERIAS;29.0;
10452614;BROR;ESTANTERIAS;90.0;
19278328;KALLAX;ESTANTERIAS;745.0;
40310208;IVAR;ESTANTERIAS;45.0;
50300015;BROR;ESTANTERIAS;495.0;
40263853;BILLY;ESTANTERIAS;100.0;
90291698;LAXVIKEN;ESTANTERIAS;175.0;
9278338;KALLAX;ESTANTERIAS;1350.0;
29287997;IVAR;ESTANTERIAS;674.0;
69248560;IVAR;ESTANTERIAS;1085.0;
90422326;IVAR;ESTANTERIAS;45.0;
414255;VASSVIKEN;ESTANTERIAS;150.0;
9188842;EKET;ESTANTERIAS;414.0;
9192518;BESTÅ;ESTANTERIAS;2710.0;
9303960;BROR;ESTANTERIAS;1035.0;
19191896;BESTÅ;ESTANTERIAS;2930.0;
19275136;HAVSTA;ESTANTERIAS;2235.0;
19297685;JONAXEL;ESTANTERIAS;990.0;
19309725;ALGOT;ESTANTERIAS;458.0;
19930205;ALGOT;ESTANTERIAS;414.0;
39248359;IVAR;ESTANTERIAS;1000.0;
39311256;JONAXEL;ESTANTERIAS;745.0;
39903833;ALGOT;ESTANTERIAS;134.6;
59279043;OLAUS;ESTANTERIAS;386.0;
69248211;IVAR;ESTANTERIAS;1870.0;
69294566;VITTSJÖ;ESTANTERIAS;1035.0;
89285467;ALGOT;ESTANTERIAS;321.0;
90349005;EKET;ESTANTERIAS;75.0;
60323592;BILLSBRO;ESTANTERIAS;15.0;
20273141;HISHULT;ESTANTERIAS;17.0;
50334303;BILLSBRO;ESTANTERIAS;25.0;
30373164;KLACKBERG;ESTANTERIAS;35.0;
49303958;BROR;ESTANTERIAS;1545.0;
50295306;BESTÅ;ESTANTERIAS;150.0;
50275596;OXBERG;ESTANTERIAS;100.0;
90333938;EKET;ESTANTERIAS;250.0;
10373495;BEKANT;ESTANTERIAS;1495.0;
29308645;JONAXEL;ESTANTERIAS;885.0;
80291632;SELSVIKEN;ESTANTERIAS;150.0;
90347515;ENERYDA;ESTANTERIAS;35.0;
40348895;ÖSTERNÄS;ESTANTERIAS;70.0;
80385348;IVAR;ESTANTERIAS;75.0;
275674;OXBERG;ESTANTERIAS;245.0;
9285683;IVAR;ESTANTERIAS;726.0;
9288021;IVAR;ESTANTERIAS;563.0;
10388661;HAVSTA;ESTANTERIAS;80.0;
49903842;ALGOT;ESTANTERIAS;231.6;
50334317;BILLSBRO;ESTANTERIAS;45.0;
69017475;KALLAX;ESTANTERIAS;895.0;
70348894;BJÄRRED;ESTANTERIAS;49.0;
79320758;SVALNÄS;ESTANTERIAS;1830.0;
89248535;IVAR;ESTANTERIAS;1085.0;
9903820;ALGOT;ESTANTERIAS;234.0;
10323599;BILLSBRO;ESTANTERIAS;69.0;
19221087;EKET;ESTANTERIAS;1218.0;
19277116;BILLY / BOTTNA;ESTANTERIAS;315.0;
20330599;UPPLEVA;ESTANTERIAS;199.0;
29275715;BROR;ESTANTERIAS;2150.0;
29286399;EKET;ESTANTERIAS;661.0;
29294554;VITTSJÖ;ESTANTERIAS;695.0;
29912767;ALGOT;ESTANTERIAS;528.2;
30323598;BILLSBRO;ESTANTERIAS;49.0;
40226790;UPPLEVA;ESTANTERIAS;145.0;
49017749;ALGOT;ESTANTERIAS;474.2;
40211595;GALANT;ESTANTERIAS;695.0;
49320774;SVALNÄS;ESTANTERIAS;1840.0;
59276172;ALGOT;ESTANTERIAS;477.0;
59287986;IVAR;ESTANTERIAS;498.0;
60294797;HANVIKEN;ESTANTERIAS;50.0;
79265926;HAVSTA;ESTANTERIAS;2980.0;
79272677;BROR;ESTANTERIAS;1335.0;
79303103;ALGOT;ESTANTERIAS;383.8;
80414256;VASSVIKEN;ESTANTERIAS;100.0;
99221026;EKET;ESTANTERIAS;978.0;
50357002;KALLRÖR;ESTANTERIAS;25.0;
20334314;BILLSBRO;ESTANTERIAS;15.0;
49248354;IVAR;ESTANTERIAS;878.0;
20338411;BAGGANÄS;ESTANTERIAS;50.0;
19272699;BROR;ESTANTERIAS;1335.0;
40104109;BILLY;ESTANTERIAS;20.0;
90291858;SINDVIK;ESTANTERIAS;150.0;
10273090;MÖLLARP;ESTANTERIAS;12.0;
10364523;KALLVIKEN;ESTANTERIAS;170.0;
50425987;KALLVIKEN;ESTANTERIAS;135.0;
30425988;KALLVIKEN;ESTANTERIAS;95.0;
49282994;BROR;ESTANTERIAS;530.0;
70318161;IVAR;ESTANTERIAS;39.0;
50370353;MOSSARYD;ESTANTERIAS;29.0;
80340048;EKET;ESTANTERIAS;20.0;
89283005;BROR;ESTANTERIAS;670.0;
89294532;VITTSJÖ;ESTANTERIAS;790.0;
20443624;BESTÅ;ESTANTERIAS;225.0;
69903799;ALGOT;ESTANTERIAS;204.0;
70428904;EKET;ESTANTERIAS;75.0;
50275619;OXBERG;ESTANTERIAS;80.0;
322897;SVALNÄS;ESTANTERIAS;310.0;
333278;BROR;ESTANTERIAS;90.0;
10353765;KLIMPEN;ESTANTERIAS;345.0;
294795;HANVIKEN;ESTANTERIAS;75.0;
20390574;STALLARP;ESTANTERIAS;45.0;
30357003;KALLRÖR;ESTANTERIAS;45.0;
40247368;BESTÅ;ESTANTERIAS;195.0;
70388639;HAVSTA;ESTANTERIAS;545.0;
79184435;SVALNÄS;ESTANTERIAS;410.0;
99303970;BROR;ESTANTERIAS;1315.0;
80291854;SINDVIK;ESTANTERIAS;100.0;
39286558;HYLLIS;ESTANTERIAS;141.0;
50434185;ALGOT;ESTANTERIAS;20.0;
69272649;BROR;ESTANTERIAS;375.0;
80291665;GLASSVIK;ESTANTERIAS;195.0;
60441562;TIMMERVIKEN;ESTANTERIAS;60.0;
9300650;BESTÅ;ESTANTERIAS;2635.0;
10441569;STOCKVIKEN;ESTANTERIAS;210.0;
19057483;BESTÅ;ESTANTERIAS;480.0;
19276414;ALGOT / SKÅDIS;ESTANTERIAS;598.0;
30452613;BROR;ESTANTERIAS;90.0;
39184437;SVALNÄS;ESTANTERIAS;1395.0;
39292026;BILLY / MORLIDEN;ESTANTERIAS;595.0;
49133579;IVAR;ESTANTERIAS;365.0;
40206476;GALANT;ESTANTERIAS;395.0;
49221062;EKET;ESTANTERIAS;1260.0;
49272706;BROR;ESTANTERIAS;1345.0;
49299032;BESTÅ;ESTANTERIAS;1215.0;
49302874;IVAR;ESTANTERIAS;453.0;
50470512;IVAR;ESTANTERIAS;245.0;
59303477;IVAR;ESTANTERIAS;2275.0;
60291845;HANVIKEN;ESTANTERIAS;100.0;
60414257;VASSVIKEN;ESTANTERIAS;75.0;
69017833;BILLY / MORLIDEN;ESTANTERIAS;1770.0;
69239607;ALGOT;ESTANTERIAS;347.0;
69275718;BROR;ESTANTERIAS;1340.0;
69288018;IVAR;ESTANTERIAS;1045.0;
69304754;IVAR;ESTANTERIAS;1745.0;
70348785;SKÄRHAMN;ESTANTERIAS;29.0;
70470511;IVAR;ESTANTERIAS;145.0;
70394471;BOTTNA;ESTANTERIAS;65.0;
89248371;IVAR;ESTANTERIAS;1045.0;
89287683;IVAR;ESTANTERIAS;428.0;
89297663;JONAXEL;ESTANTERIAS;670.0;
89323723;IVAR;ESTANTERIAS;1980.0;
90226797;UPPLEVA;ESTANTERIAS;145.0;
90443625;NOTVIKEN;ESTANTERIAS;115.0;
99248380;IVAR;ESTANTERIAS;990.0;
99288012;IVAR;ESTANTERIAS;718.0;
99315812;IVAR;ESTANTERIAS;395.0;
90265246;HISHULT;ESTANTERIAS;35.0;
70236151;ORRNÄS;ESTANTERIAS;29.0;
50323597;BILLSBRO;ESTANTERIAS;35.0;
29248345;IVAR;ESTANTERIAS;906.0;
70441566;RIKSVIKEN;ESTANTERIAS;225.0;
423721;KALLAX;ESTANTERIAS;100.0;
10357004;KALLRÖR;ESTANTERIAS;35.0;
19288006;IVAR;ESTANTERIAS;760.0;
79248319;IVAR;ESTANTERIAS;440.0;
79320744;SVALNÄS;ESTANTERIAS;1245.0;
89297677;JONAXEL;ESTANTERIAS;560.0;
99303442;IVAR;ESTANTERIAS;1225.0;
9291622;KOLBJÖRN;ESTANTERIAS;1145.0;
29184433;SVALNÄS;ESTANTERIAS;1620.0;
29248538;IVAR;ESTANTERIAS;1013.0;
29285470;ALGOT;ESTANTERIAS;555.0;
30441554;TIMMERVIKEN;ESTANTERIAS;115.0;
39230712;BILLY;ESTANTERIAS;700.0;
39311789;JONAXEL;ESTANTERIAS;950.0;
49294548;VITTSJÖ;ESTANTERIAS;1035.0;
59311463;JONAXEL;ESTANTERIAS;975.0;
59385755;BROR;ESTANTERIAS;375.0;
69248386;IVAR;ESTANTERIAS;1110.0;
69285473;ALGOT / BROR;ESTANTERIAS;1311.0;
79272696;BROR;ESTANTERIAS;1125.0;
79279457;ALGOT;ESTANTERIAS;388.6;
79303495;IVAR;ESTANTERIAS;910.0;
79305102;JONAXEL;ESTANTERIAS;630.0;
80441556;TIMMERVIKEN;ESTANTERIAS;100.0;
80450353;IVAR;ESTANTERIAS;75.0;
89276590;ALGOT;ESTANTERIAS;245.0;
89285518;ALGOT;ESTANTERIAS;594.0;
99184439;SVALNÄS;ESTANTERIAS;2070.0;
99297634;JONAXEL;ESTANTERIAS;730.0;
99903788;ALGOT;ESTANTERIAS;296.0;
30441554;TIMMERVIKEN;ARMARIOS;115.0;
49300827;BESTÅ;ARMARIOS;1850.0;
80441556;TIMMERVIKEN;ARMARIOS;100.0;
29297958;BESTÅ;ARMARIOS;820.0;
10443629;GLASSVIK;ARMARIOS;175.0;
80275887;KALLAX;ARMARIOS;250.0;
59286468;EKET;ARMARIOS;311.0;
40033763;IVAR;ARMARIOS;295.0;
40383737;LOMMARP;ARMARIOS;1116.0;
10119206;DETOLF;ARMARIOS;295.0;
59278307;KALLAX;ARMARIOS;500.0;
49280042;BILLY / OXBERG;ARMARIOS;315.0;
30439565;SYVDE;ARMARIOS;595.0;
79286491;EKET;ARMARIOS;377.0;
59248867;LIXHULT;ARMARIOS;580.0;
70328669;LIXHULT;ARMARIOS;175.0;
69287392;BILLY / OXBERG;ARMARIOS;195.0;
50413507;HEMNES;ARMARIOS;1595.0;
29281066;BILLY / OXBERG;ARMARIOS;385.0;
79302721;BESTÅ;ARMARIOS;920.0;
19279177;LIXHULT;ARMARIOS;350.0;
40302289;BRUSALI;ARMARIOS;595.0;
30381593;IVAR;ARMARIOS;345.0;
50300666;BRIMNES;ARMARIOS;445.0;
89279174;LIXHULT;ARMARIOS;356.0;
40300662;BRIMNES;ARMARIOS;395.0;
359739;ROTHULT;ARMARIOS;95.0;
302291;BRUSALI;ARMARIOS;375.0;
40309257;HEMNES;ARMARIOS;1395.0;
29248864;LIXHULT;ARMARIOS;663.0;
69017828;BILLY / OXBERG;ARMARIOS;575.0;
30439725;LIATORP;ARMARIOS;1295.0;
19205884;BESTÅ;ARMARIOS;1870.0;
70439728;LIATORP;ARMARIOS;1345.0;
89248205;IVAR;ARMARIOS;440.0;
30396429;LIXHULT;ARMARIOS;145.0;
10409871;BRIMNES;ARMARIOS;476.0;
19189030;EKET;ARMARIOS;656.0;
396416;MILSBO;ARMARIOS;995.0;
69281804;BILLY / OXBERG;ARMARIOS;915.0;
59275101;HAVSTA;ARMARIOS;925.0;
19028754;LIATORP;ARMARIOS;1445.0;
79276388;LIXHULT;ARMARIOS;409.0;
10251451;IKEA PS;ARMARIOS;425.0;
49221038;EKET;ARMARIOS;620.0;
363171;FABRIKÖR;ARMARIOS;636.0;
29301762;BESTÅ;ARMARIOS;1045.0;
80385616;BILLY;ARMARIOS;516.0;
60342072;REGISSÖR;ARMARIOS;796.0;
9276650;BESTÅ;ARMARIOS;980.0;
89302971;BESTÅ;ARMARIOS;2470.0;
39287379;BILLY / MORLIDEN;ARMARIOS;245.0;
40347886;EDVALLA;ARMARIOS;25.0;
79291355;PLATSA;ARMARIOS;1268.0;
50328665;LIXHULT;ARMARIOS;89.0;
20396646;HEMNES;ARMARIOS;595.0;
29302573;BESTÅ;ARMARIOS;1400.0;
90421911;BRYGGJA;ARMARIOS;597.0;
79281790;BILLY / OXBERG;ARMARIOS;930.0;
29279186;LIXHULT;ARMARIOS;700.0;
89161508;LIXHULT;ARMARIOS;178.0;
29286931;BEKANT;ARMARIOS;1389.0;
70341005;ERIK;ARMARIOS;595.0;
10295539;BESTÅ;ARMARIOS;25.0;
70245952;BESTÅ;ARMARIOS;170.0;
327772;MALSJÖ;ARMARIOS;2100.0;
50415196;HAVSTA;ARMARIOS;695.0;
9248855;LIXHULT;ARMARIOS;643.0;
29285776;GALANT;ARMARIOS;5290.0;
50365139;GALANT;ARMARIOS;945.0;
49249396;HÄLLAN;ARMARIOS;875.0;
40226790;UPPLEVA;ARMARIOS;145.0;
89249403;HÄLLAN;ARMARIOS;700.0;
245842;BESTÅ;ARMARIOS;225.0;
242278;FABRIKÖR;ARMARIOS;676.0;
29287370;BILLY / MORLIDEN;ARMARIOS;415.0;
80336433;GUBCOCINAP;ARMARIOS;3.0;
29286573;EKET;ARMARIOS;1248.0;
30360977;IDÅSEN;ARMARIOS;995.0;
70294508;BESTÅ;ARMARIOS;475.0;
69275110;HAVSTA;ARMARIOS;975.0;
30284846;BESTÅ;ARMARIOS;25.0;
295554;BESTÅ;ARMARIOS;25.0;
69284987;BESTÅ;ARMARIOS;420.0;
89161631;LIXHULT;ARMARIOS;508.0;
19278234;BRIMNES;ARMARIOS;952.0;
99266053;HAVSTA;ARMARIOS;1900.0;
30269129;BESTÅ BURS;ARMARIOS;1195.0;
90433909;MARKERAD;ARMARIOS;597.0;
9290123;EKET;ARMARIOS;356.0;
69285208;GALANT;ARMARIOS;6480.0;
59249409;HÄLLAN;ARMARIOS;650.0;
70388620;HAVSTA;ARMARIOS;995.0;
69301717;BESTÅ;ARMARIOS;1305.0;
30428915;EKET;ARMARIOS;195.0;
80261258;BESTÅ;ARMARIOS;25.0;
49265999;HAVSTA;ARMARIOS;1240.0;
9301664;BESTÅ;ARMARIOS;2980.0;
30342078;REGISSÖR;ARMARIOS;1356.0;
19057906;BESTÅ;ARMARIOS;480.0;
40363621;HÄLLAN;ARMARIOS;325.0;
59301483;BESTÅ;ARMARIOS;1020.0;
79248748;LIXHULT;ARMARIOS;363.0;
90323393;FIXA;ARMARIOS;5.6;
347510;ENERYDA;ARMARIOS;22.0;
10388661;HAVSTA;ARMARIOS;80.0;
49061228;BESTÅ;ARMARIOS;510.0;
60247409;BESTÅ;ARMARIOS;100.0;
19046442;LIATORP;ARMARIOS;4335.0;
29300852;BESTÅ;ARMARIOS;965.0;
347888;EDVALLA;ARMARIOS;25.0;
30247378;BESTÅ;ARMARIOS;125.0;
29299165;BESTÅ;ARMARIOS;925.0;
295530;BESTÅ;ARMARIOS;25.0;
90328668;LIXHULT;ARMARIOS;99.0;
50046152;HEDRA;ARMARIOS;9.0;
10293597;NANNARP;ARMARIOS;40.0;
70443631;SELSVIKEN;ARMARIOS;125.0;
60389192;HAVSTA;ARMARIOS;845.0;
89265902;HAVSTA;ARMARIOS;1550.0;
30342479;HACKÅS;ARMARIOS;32.0;
80294503;BESTÅ;ARMARIOS;375.0;
10291678;LAPPVIKEN;ARMARIOS;45.0;
60295532;BESTÅ;ARMARIOS;30.0;
59228746;BILLY / OXBERG;ARMARIOS;1390.0;
70247376;BESTÅ;ARMARIOS;225.0;
50363729;HÄLLAN;ARMARIOS;275.0;
415194;HAVSTA;ARMARIOS;1295.0;
30365135;GALANT;ARMARIOS;2545.0;
69208031;BESTÅ;ARMARIOS;1600.5;
69248659;LIXHULT;ARMARIOS;267.0;
69282926;BESTÅ;ARMARIOS;1570.0;
50443627;NOTVIKEN;ARMARIOS;60.0;
79301788;BESTÅ;ARMARIOS;1820.0;
20347514;ENERYDA;ARMARIOS;35.0;
70247381;BESTÅ;ARMARIOS;135.0;
29204431;BESTÅ / EKET;ARMARIOS;1469.0;
89307643;EKET;ARMARIOS;114.0;
69020473;BILLY / OXBERG;ARMARIOS;2295.0;
99249520;HÄLLAN;ARMARIOS;1575.0;
19266033;HAVSTA;ARMARIOS;2645.0;
10364066;LAPPVIKEN;ARMARIOS;31.5;
49248858;LIXHULT;ARMARIOS;841.0;
79282544;BEKANT;ARMARIOS;1355.0;
60323592;BILLSBRO;ARMARIOS;15.0;
10273090;MÖLLARP;ARMARIOS;12.0;
30425988;KALLVIKEN;ARMARIOS;95.0;
50295306;BESTÅ;ARMARIOS;150.0;
80360951;IDÅSEN;ARMARIOS;1495.0;
49265975;HAVSTA;ARMARIOS;1590.0;
79265950;HAVSTA;ARMARIOS;1950.0;
89248682;LIXHULT;ARMARIOS;389.0;
10334319;BILLSBRO;ARMARIOS;55.0;
39299103;BESTÅ;ARMARIOS;1550.0;
20390574;STALLARP;ARMARIOS;45.0;
59191026;EKET;ARMARIOS;1391.0;
70296343;SELSVIKEN;ARMARIOS;150.0;
89291312;HÄLLAN;ARMARIOS;325.0;
50357002;KALLRÖR;ARMARIOS;25.0;
20348896;ÖSTERNÄS;ARMARIOS;49.0;
60347507;ENERYDA;ARMARIOS;35.0;
60293566;STUBCOCINAP;ARMARIOS;35.0;
348717;BESTÅ;ARMARIOS;25.0;
10351511;BESTÅ;ARMARIOS;60.0;
10299877;BESTÅ;ARMARIOS;595.0;
90347515;ENERYDA;ARMARIOS;35.0;
99282538;BEKANT;ARMARIOS;1294.0;
30388636;HAVSTA;ARMARIOS;895.0;
60334312;BILLSBRO;ARMARIOS;35.0;
40245840;BESTÅ;ARMARIOS;195.0;
9285070;GALANT;ARMARIOS;4540.0;
29248656;LIXHULT;ARMARIOS;198.0;
29287214;IDÅSEN;ARMARIOS;1090.0;
49265895;HAVSTA;ARMARIOS;4580.0;
59279180;LIXHULT;ARMARIOS;495.0;
69017833;BILLY / MORLIDEN;ARMARIOS;1770.0;
40296311;SINDVIK;ARMARIOS;125.0;
40364060;LAPPVIKEN;ARMARIOS;38.5;
40348715;BESTÅ;ARMARIOS;25.0;
20273141;HISHULT;ARMARIOS;17.0;
20338411;BAGGANÄS;ARMARIOS;50.0;
30373164;KLACKBERG;ARMARIOS;35.0;
50425987;KALLVIKEN;ARMARIOS;135.0;
19291315;HÄLLAN;ARMARIOS;375.0;
50347503;ENERYDA;ARMARIOS;17.0;
20443624;BESTÅ;ARMARIOS;225.0;
20245959;BESTÅ;ARMARIOS;110.0;
19249406;HÄLLAN;ARMARIOS;1400.0;
294795;HANVIKEN;ARMARIOS;75.0;
40299885;BESTÅ;ARMARIOS;475.0;
69265984;HAVSTA;ARMARIOS;1540.0;
69286806;BEKANT;ARMARIOS;1000.0;
90338422;BAGGANÄS;ARMARIOS;27.0;
9282528;BEKANT;ARMARIOS;944.0;
39276682;HÄLLAN;ARMARIOS;2775.0;
49280754;BILLY / OXBERG;ARMARIOS;1370.0;
49298594;BESTÅ;ARMARIOS;990.0;
60414257;VASSVIKEN;ARMARIOS;75.0;
99300702;BESTÅ;ARMARIOS;2730.0;
70265247;MÖLLARP;ARMARIOS;17.0;
20351515;BESTÅ;ARMARIOS;75.0;
10338416;BAGGANÄS;ARMARIOS;27.0;
296313;SINDVIK;ARMARIOS;150.0;
30357003;KALLRÖR;ARMARIOS;45.0;
70441566;RIKSVIKEN;ARMARIOS;225.0;
70443626;NOTVIKEN;ARMARIOS;100.0;
90291698;LAXVIKEN;ARMARIOS;175.0;
39297514;BESTÅ;ARMARIOS;1470.0;
60303481;MALSJÖ;ARMARIOS;1516.0;
60443622;BESTÅ;ARMARIOS;150.0;
70348894;BJÄRRED;ARMARIOS;49.0;
79249328;HÄLLAN;ARMARIOS;600.0;
9192518;BESTÅ;ARMARIOS;2710.0;
9248916;LIXHULT;ARMARIOS;693.0;
9265920;HAVSTA;ARMARIOS;2980.0;
70444348;SELSVIKEN;ARMARIOS;60.0;
80295300;BESTÅ;ARMARIOS;100.0;
19194456;BESTÅ;ARMARIOS;2330.0;
19275235;HAVSTA;ARMARIOS;3680.0;
19286521;EKET;ARMARIOS;1123.0;
39275116;HAVSTA;ARMARIOS;1395.0;
39286841;BESTÅ / EKET;ARMARIOS;1719.0;
49194681;BESTÅ;ARMARIOS;3340.0;
59265965;HAVSTA;ARMARIOS;4770.0;
79248668;LIXHULT;ARMARIOS;297.0;
79286820;BEKANT;ARMARIOS;1039.0;
79286896;BEKANT;ARMARIOS;1200.0;
89217727;BILLY / OXBERG;ARMARIOS;1735.0;
89249399;HÄLLAN;ARMARIOS;1750.0;
90226797;UPPLEVA;ARMARIOS;145.0;
50334303;BILLSBRO;ARMARIOS;25.0;
70323600;BILLSBRO;ARMARIOS;19.0;
10364523;KALLVIKEN;ARMARIOS;170.0;
50342478;HACKÅS;ARMARIOS;50.0;
70236151;ORRNÄS;ARMARIOS;29.0;
50323597;BILLSBRO;ARMARIOS;35.0;
50370353;MOSSARYD;ARMARIOS;29.0;
30236153;ORRNÄS;ARMARIOS;17.0;
30371056;SKÄRHAMN;ARMARIOS;39.0;
99234255;HEMNES;ARMARIOS;2666.0;
9287192;IDÅSEN;ARMARIOS;1345.0;
10357004;KALLRÖR;ARMARIOS;35.0;
19285791;GALANT;ARMARIOS;1520.0;
30338420;BAGGANÄS;ARMARIOS;22.0;
30428901;EKET;ARMARIOS;45.0;
30443628;GLASSVIK;ARMARIOS;195.0;
49161609;LIXHULT;ARMARIOS;244.0;
50334317;BILLSBRO;ARMARIOS;45.0;
69279189;LIXHULT;ARMARIOS;1160.0;
80322855;BERGHALLA;ARMARIOS;22.0;
9266024;HAVSTA;ARMARIOS;2525.0;
10323599;BILLSBRO;ARMARIOS;69.0;
10363632;HÄLLAN;ARMARIOS;50.0;
10441569;STOCKVIKEN;ARMARIOS;210.0;
29286865;BESTÅ / EKET;ARMARIOS;1578.0;
29336356;EKET;ARMARIOS;125.0;
29336380;EKET;ARMARIOS;384.0;
30320726;IDÅSEN;ARMARIOS;1250.0;
40390766;SULARP;ARMARIOS;45.5;
80414256;VASSVIKEN;ARMARIOS;100.0;
89248922;LIXHULT;ARMARIOS;1020.0;
99161598;LIXHULT;ARMARIOS;287.0;
99265911;HAVSTA;ARMARIOS;2290.0;
90415199;HAVSTA;ARMARIOS;100.0;
99285117;GALANT;ARMARIOS;2270.0;
338407;BAGGANÄS;ARMARIOS;35.0;
90265246;HISHULT;ARMARIOS;35.0;
20334314;BILLSBRO;ARMARIOS;15.0;
50293604;BESTÅ;ARMARIOS;15.0;
80339790;HACKÅS;ARMARIOS;17.0;
30303487;MALSJÖ;ARMARIOS;1276.0;
50294793;HANVIKEN;ARMARIOS;100.0;
70370352;MOSSARYD;ARMARIOS;29.0;
40348895;ÖSTERNÄS;ARMARIOS;70.0;
49329331;BESTÅ;ARMARIOS;890.0;
59336374;EKET;ARMARIOS;139.0;
79330639;BESTÅ;ARMARIOS;1350.0;
89286513;BEKANT;ARMARIOS;939.0;
59286963;BEKANT;ARMARIOS;1350.0;
60441562;TIMMERVIKEN;ARMARIOS;60.0;
69329387;EKET;ARMARIOS;210.0;
79275138;HAVSTA;ARMARIOS;2235.0;
414255;VASSVIKEN;ARMARIOS;150.0;
9300650;BESTÅ;ARMARIOS;2635.0;
9329390;EKET;ARMARIOS;777.0;
20330599;UPPLEVA;ARMARIOS;199.0;
20441578;NOTVIKEN;ARMARIOS;115.0;
29282532;BEKANT;ARMARIOS;1105.0;
30323598;BILLSBRO;ARMARIOS;49.0;
39285785;GALANT;ARMARIOS;3140.0;
40291851;HANVIKEN;ARMARIOS;50.0;
79285302;GALANT;ARMARIOS;3240.0;
60428990;NORRÅKER;DESAYUNO;295.0;
428974;NORRÅKER;DESAYUNO;145.0;
30428982;NORRÅKER;DESAYUNO;596.0;
89323921;STENSELE;DESAYUNO;450.0;
49288236;STENSELE;DESAYUNO;450.0;
79241940;NORRÅKER / NORRÅKER;DESAYUNO;1385.0;
90428984;NORRÅKER;DESAYUNO;395.0;
40429014;NORRÅKER;DESAYUNO;476.0;
70246089;JANINGE;DESAYUNO;595.0;
9288224;STENSELE;DESAYUNO;550.0;
19304209;LEIFARNE;DESAYUNO;275.0;
39297156;STENSELE / RÖNNINGE;DESAYUNO;1140.0;
60246080;JANINGE;DESAYUNO;180.0;
397736;NORRARYD;DESAYUNO;395.0;
10422504;RÖNNINGE;DESAYUNO;345.0;
417635;YNGVAR;DESAYUNO;399.0;
9297129;STENSELE / RÖNNINGE;DESAYUNO;1140.0;
246078;JANINGE;DESAYUNO;225.0;
89280380;NORRÅKER / NORRARYD;DESAYUNO;1385.0;
10281354;JANINGE;DESAYUNO;595.0;
29297227;STENSELE / NORRARYD;DESAYUNO;1340.0;
49259743;SVENBERTIL;DESAYUNO;275.0;
80417636;YNGVAR;DESAYUNO;395.0;
60400745;YNGVAR;DESAYUNO;475.0;
59259752;LEIFARNE;DESAYUNO;275.0;
80280515;JANINGE;DESAYUNO;225.0;
49011766;MELLTORP / ADDE;SILLAS;179.0;
10209202;MALINDA;SILLAS;25.0;
40455649;BINGSTA;SILLAS;595.0;
40472861;SKRUVSTA;SILLAS;545.0;
79331865;LOBERGET / BLYSKÄR;SILLAS;155.0;
20456956;STRANDMON;SILLAS;995.0;
20339420;RENBERGET;SILLAS;175.0;
79046260;SNILLE;SILLAS;125.0;
50078464;PELLO;SILLAS;195.0;
90339412;MILLBERGET;SILLAS;350.0;
9221016;FANBYN;SILLAS;295.0;
29208194;FLINTAN / NOMINELL;SILLAS;370.0;
59297184;EKOLSUND;SILLAS;1395.0;
50434312;NILSOVE;SILLAS;395.0;
50058376;AGEN;SILLAS;245.0;
10219178;ADDE;SILLAS;40.0;
69023612;SKÅLBERG / SPORREN;SILLAS;190.0;
90184047;MARIUS;SILLAS;25.0;
20292776;MOLTE;SILLAS;69.0;
60217799;GUNDE;SILLAS;30.0;
70441769;ÖRFJÄLL;SILLAS;195.0;
10233532;NOLMYRA;SILLAS;175.0;
9252786;LÅNGFJÄLL;SILLAS;695.0;
70392542;STRANDMON;SILLAS;495.0;
90320097;GRÖNADAL;SILLAS;795.0;
70103250;INGOLF;SILLAS;195.0;
50341025;KARLJAN;SILLAS;125.0;
60308676;BLECKBERGET;SILLAS;250.0;
60344759;REMSTA;SILLAS;795.0;
39129342;STOCKSUND;SILLAS;995.0;
152282;INGOLF;SILLAS;175.0;
20336836;FLINTAN;SILLAS;245.0;
50039552;IKEA PS GULLHOLMEN;SILLAS;295.0;
70261150;MARKUS;SILLAS;795.0;
60178887;BEKVÄM;SILLAS;59.0;
99014376;MELLTORP / ADDE;SILLAS;359.0;
90435324;TOSSBERG;SILLAS;495.0;
50463502;SAKARIAS;SILLAS;50.0;
60416925;KYRRE;SILLAS;60.0;
90350937;TEODORES;SILLAS;95.0;
79299016;BUSKBO;SILLAS;675.0;
90342688;JOKKMOKK;SILLAS;79.2;
49228474;FANBYN;SILLAS;275.0;
60428990;NORRÅKER;SILLAS;295.0;
29301700;LEIFARNE;SILLAS;310.0;
70308685;ODGER;SILLAS;395.0;
80349671;TOBIAS;SILLAS;345.0;
29272712;TULLSTA;SILLAS;545.0;
80155205;STIG;SILLAS;69.0;
10441786;ÖRFJÄLL;SILLAS;195.0;
40423578;VEDBO;SILLAS;975.0;
60105829;HARRY;SILLAS;199.0;
10407136;IKEA PS LÖMSK;SILLAS;345.0;
59337670;LOBERGET / SIBBEN;SILLAS;95.0;
60441779;ÖRFJÄLL;SILLAS;195.0;
90116553;POÄNG;SILLAS;179.0;
50211104;JOKKMOKK;SILLAS;549.0;
10135659;MARIUS;SILLAS;25.0;
39201026;POÄNG;SILLAS;790.0;
59127808;LEIFARNE;SILLAS;245.0;
40202746;MALINDA;SILLAS;25.0;
29151296;SÖDERHAMN;SILLAS;1100.0;
10334753;MACKAPÄR;SILLAS;295.0;
19304006;NILSOVE / NORNA;SILLAS;424.0;
40419982;ALEFJÄLL;SILLAS;1295.0;
79129081;EKTORP;SILLAS;675.0;
49304199;LEIFARNE;SILLAS;195.0;
211088;STEFAN;SILLAS;85.0;
50364149;ODGER;SILLAS;177.0;
217797;GUNDE;SILLAS;30.0;
30115066;NISSE;SILLAS;49.0;
10331014;MALINDA;SILLAS;25.0;
30449748;ANTILOP;SILLAS;16.0;
262879;EKERÖ;SILLAS;695.0;
49252119;HATTEFJÄLL;SILLAS;1295.0;
90211531;BÖRJE;SILLAS;175.0;
40240989;DAGOTTO;SILLAS;69.0;
99275627;JÄRVFJÄLLET;SILLAS;945.0;
80443904;KARLJAN;SILLAS;125.0;
50295472;RÅDVIKEN;SILLAS;675.0;
19190340;HENRIKSDAL;SILLAS;295.0;
89256262;GRÖNLID;SILLAS;1895.0;
9219527;MARTIN;SILLAS;99.0;
30396655;HEMNES;SILLAS;495.0;
39306288;LERHAMN;SILLAS;589.0;
49252398;LÅNGFJÄLL;SILLAS;595.0;
9279026;SAKARIAS;SILLAS;645.0;
10413137;BALTSAR;SILLAS;595.0;
30141975;BERTIL;SILLAS;19.0;
40455654;BINGSTA;SILLAS;695.0;
90434310;ULRIKSBERG;SILLAS;445.0;
60248418;FÖRSIKTIG;SILLAS;15.0;
90175000;JUSTINA;SILLAS;19.0;
10122647;INGOLF;SILLAS;345.0;
79325223;SAKARIAS;SILLAS;225.0;
99221743;KOARP;SILLAS;825.0;
20382324;MAMMUT;SILLAS;29.0;
79010690;TÄRENDÖ / ADDE;SILLAS;285.0;
29252549;LÅNGFJÄLL;SILLAS;645.0;
90309721;NILSERIK;SILLAS;195.0;
80265143;BERTIL;SILLAS;11.4;
40238712;LILLHÖJDEN;SILLAS;395.0;
60155602;DALFRED;SILLAS;195.0;
80433900;MARKERAD;SILLAS;327.0;
60384335;SAKARIAS;SILLAS;95.0;
39207716;JULES;SILLAS;255.0;
39337911;POÄNG;SILLAS;179.0;
59197702;SVENBERTIL;SILLAS;245.0;
49315937;STOCKSUND;SILLAS;1695.0;
410101;VIPPÄRT;SILLAS;29.0;
39303039;ÖRFJÄLL;SILLAS;225.0;
40319398;BENARP;SILLAS;1495.0;
70404875;FRANKLIN;SILLAS;129.0;
246196;MARIUS;SILLAS;25.0;
40336595;HENRIKSDAL;SILLAS;50.0;
90412426;NISSE;SILLAS;49.0;
20426276;SKOGSTORP;SILLAS;795.0;
80396422;FJÄLLBERGET;SILLAS;995.0;
29067293;ANTILOP;SILLAS;110.0;
60175006;JUSTINA;SILLAS;19.0;
10424353;VIMUND;SILLAS;299.0;
90325518;KULLABERG;SILLAS;220.0;
89256894;LIDHULT;SILLAS;1795.0;
90190411;BEKVÄM;SILLAS;145.0;
80222441;TERJE;SILLAS;79.0;
10422504;RÖNNINGE;SILLAS;345.0;
30346986;LANGUR;SILLAS;50.0;
10363651;KULLABERG;SILLAS;175.0;
418376;LIDKULLEN;SILLAS;350.0;
29220780;HENRIKSDAL;SILLAS;295.0;
39261874;LÅNGFJÄLL;SILLAS;795.0;
39296901;MELLTORP / TEODORES;SILLAS;289.0;
59252637;STUVA / FRITIDS;SILLAS;395.0;
60416572;SUNNEA;SILLAS;22.0;
69303066;ÖRFJÄLL;SILLAS;225.0;
276664;EKENÄS;SILLAS;995.0;
20259423;LERHAMN;SILLAS;145.0;
60341015;EKEDALEN;SILLAS;225.0;
70451640;LEIFARNE;SILLAS;100.0;
60265163;BOLMEN;SILLAS;22.0;
19241537;POÄNG;SILLAS;597.0;
70434311;BUSKBO;SILLAS;575.0;
79286033;MELLTORP / TEODORES;SILLAS;579.0;
50312909;BUSSAN;SILLAS;525.0;
39240787;POÄNG;SILLAS;425.0;
9304196;LEIFARNE;SILLAS;195.0;
39251931;HAVSTEN;SILLAS;1075.0;
59135648;SÖDERHAMN;SILLAS;1425.0;
10423589;VEDBO;SILLAS;1345.0;
29297294;MELLTORP / NILSOVE;SILLAS;889.0;
90451644;LEIFARNE;SILLAS;100.0;
333122;MALINDA;SILLAS;25.0;
243800;HEMNES;SILLAS;295.0;
40178888;BEKVÄM;SILLAS;99.0;
10395807;VIPPÄRT;SILLAS;29.0;
30416578;SUNNEA;SILLAS;22.0;
49303034;ÖRFJÄLL;SILLAS;225.0;
89303046;ÖRFJÄLL;SILLAS;225.0;
141689;HENRIKSDAL;SILLAS;225.0;
30427341;SVENARNE;SILLAS;795.0;
60463498;SAKARIAS;SILLAS;175.0;
90363553;JÄRVFJÄLLET;SILLAS;845.0;
70451635;POÄNG;SILLAS;45.0;
99252541;LÅNGFJÄLL;SILLAS;695.0;
385069;FANBYN;SILLAS;150.0;
29917307;INGATORP / INGOLF;SILLAS;1725.0;
60344453;VILTO;SILLAS;57.0;
50357785;UTTER;SILLAS;25.0;
99011764;MELLTORP / MARIUS;SILLAS;149.0;
70463582;SAKARIAS;SILLAS;95.0;
40076093;ANTILOP;SILLAS;25.0;
30204798;DJUPVIK;SILLAS;100.0;
40416587;HILLARED;SILLAS;35.0;
60406785;FRANKLIN;SILLAS;149.0;
395209;ODDBJÖRG;SILLAS;28.0;
69252646;LÅNGFJÄLL;SILLAS;745.0;
99197696;SVENBERTIL;SILLAS;195.0;
30288632;LEIFARNE;SILLAS;100.0;
70273092;NORRARYD;SILLAS;260.0;
400545;EKEDALEN;SILLAS;345.0;
19289341;DELAKTIG;SILLAS;1500.0;
19305044;MÖRBYLÅNGA / ODGER;SILLAS;3475.0;
80403516;KARLHUGO;SILLAS;595.0;
89277486;VALLENTUNA;SILLAS;1948.0;
90395813;JUSTINA;SILLAS;19.0;
90412450;ELSEBET;SILLAS;39.0;
20416593;HERDIS;SILLAS;19.0;
10320341;KULLABERG;SILLAS;220.0;
20336619;HENRIKSDAL;SILLAS;40.0;
89305205;HATTEFJÄLL;SILLAS;1445.0;
447680;NORDKISA;SILLAS;345.0;
19275909;GRÖNLID;SILLAS;995.0;
29174976;LÅNGFJÄLL;SILLAS;545.0;
9276971;VALLENTUNA;SILLAS;1468.0;
19252347;LÅNGFJÄLL;SILLAS;645.0;
59304207;LEIFARNE;SILLAS;275.0;
50365361;MAMMUT;SILLAS;29.0;
80426928;ANTILOP;SILLAS;20.0;
10421665;NORDMELA;SILLAS;636.0;
10150094;CILLA;SILLAS;22.0;
20182278;BÖRJE;SILLAS;175.0;
40466389;GISTAD;SILLAS;945.0;
59240828;POÄNG;SILLAS;382.0;
50320565;LÅNGFJÄLL;SILLAS;100.0;
80340760;EKEDALEN;SILLAS;225.0;
89297286;MÖRBYLÅNGA / BALTSAR;SILLAS;6065.0;
49031774;LANDSKRONA;SILLAS;1995.0;
69289008;DELAKTIG;SILLAS;2350.0;
79269180;LANDSKRONA;SILLAS;2500.0;
40369109;NORDVIKEN;SILLAS;225.0;
20429010;NORRÅKER;SILLAS;395.0;
378667;FANBYN;SILLAS;145.0;
40354221;MARTIN;SILLAS;34.0;
90471581;KORNSJÖ;SILLAS;375.0;
69306277;LERHAMN;SILLAS;979.0;
29221256;MELLTORP / TEODORES;SILLAS;579.0;
30178884;BEKVÄM;SILLAS;99.0;
410083;STRÅFLY;SILLAS;15.0;
10411421;TRANARÖ;SILLAS;95.0;
39280698;MELLTORP / NISSE;SILLAS;197.0;
50406465;FRANKLIN;SILLAS;129.0;
59221165;GAMLARED / STEFAN;SILLAS;565.0;
70253541;AGAM;SILLAS;195.0;
90299029;MUREN;SILLAS;1395.0;
29304204;LEIFARNE;SILLAS;195.0;
49220374;HENRIKSDAL;SILLAS;295.0;
90319918;HENRIKSDAL;SILLAS;695.0;
29161484;LISABO / LEIFARNE;SILLAS;1675.0;
40280843;NORRARYD;SILLAS;260.0;
49007217;GAMLEBY;SILLAS;2475.0;
49221439;EKEDALEN / HENRIKSDAL;SILLAS;2765.0;
69161482;IKEA PS 2012 / JANINGE;SILLAS;1795.0;
19277036;MÖCKELBY / FANBYN;SILLAS;4145.0;
19298265;VIMLE;SILLAS;1700.0;
79297300;MÖRBYLÅNGA / BALTSAR;SILLAS;4675.0;
10461010;BORTBERG;SILLAS;49.0;
89041709;ANTILOP;SILLAS;85.0;
89010699;TÄRENDÖ / GUNDE;SILLAS;245.0;
60304428;JUSTINA;SILLAS;19.0;
90253535;AGAM;SILLAS;195.0;
60246080;JANINGE;SILLAS;180.0;
20013073;NORNA;SILLAS;29.0;
70264281;LERHAMN;SILLAS;145.0;
50420329;FREKVENS;SILLAS;177.0;
121766;INGOLF;SILLAS;395.0;
39279567;EKEDALEN / EKEDALEN;SILLAS;2345.0;
79221169;GAMLARED / LERHAMN;SILLAS;685.0;
39251926;HAVSTEN;SILLAS;1220.0;
89221475;IKEA PS 2012 / TEODORES;SILLAS;1085.0;
60351900;RÅSKOG;SILLAS;84.0;
70336674;HENRIKSDAL;SILLAS;70.0;
29221435;EKEDALEN / EKEDALEN;SILLAS;1695.0;
80308393;RÅSKOG;SILLAS;84.0;
90339902;BRORINGE;SILLAS;95.0;
90200269;NOMINELL;SILLAS;125.0;
60400745;YNGVAR;SILLAS;475.0;
69297292;YPPERLIG / NILSOVE;SILLAS;2575.0;
9259702;LISABO / ODGER;SILLAS;1875.0;
10330811;LANGUR;SILLAS;110.0;
19304209;LEIFARNE;SILLAS;275.0;
29280689;EKEDALEN / BERNHARD;SILLAS;5465.0;
39280679;INGATORP / INGOLF;SILLAS;2615.0;
40340762;EKEDALEN;SILLAS;395.0;
90412718;SAKARIAS;SILLAS;95.0;
79161575;ÖVRARYD / JANINGE;SILLAS;1535.0;
44881100;KOLON;SILLAS;150.0;
40454367;ANTILOP;SILLAS;20.0;
90404879;FRANKLIN;SILLAS;149.0;
40273593;FLISAT;SILLAS;89.0;
70330813;LANGUR;SILLAS;55.0;
80403154;VEDBO;SILLAS;695.0;
90246291;INGATORP;SILLAS;445.0;
49252553;LANGUR;SILLAS;400.0;
60353838;INGOLF;SILLAS;220.0;
40332074;MÄSTERBY;SILLAS;145.0;
50468953;VATTVIKEN;SILLAS;995.0;
70246089;JANINGE;SILLAS;595.0;
308684;HATTEFJÄLL;SILLAS;1045.0;
50343331;VEBERÖD;SILLAS;327.0;
89304791;LANEBERG / EKEDALEN;SILLAS;1595.0;
19221450;EKEDALEN / EKEDALEN;SILLAS;2345.0;
89907452;STOLJAN;SILLAS;220.0;
19285866;NORDEN / RÅSKOG;SILLAS;1067.0;
29304223;EKEDALEN / EKEDALEN;SILLAS;2375.0;
50346985;LANGUR;SILLAS;35.0;
428318;HATTEFJÄLL;SILLAS;1295.0;
19246144;SKOGSTA / NORRARYD;SILLAS;3555.0;
19297157;INGATORP / INGOLF;SILLAS;1725.0;
80187683;HENRIKSDAL;SILLAS;70.0;
20429430;JÄRVFJÄLLET;SILLAS;150.0;
59303123;SVENBERTIL;SILLAS;310.0;
60262881;EKERÖ;SILLAS;795.0;
80379347;TROLLBERGET;SILLAS;495.0;
19900864;POÄNG;SILLAS;1210.0;
99266128;LIDHULT;SILLAS;2500.0;
288638;SVENBERTIL;SILLAS;100.0;
9161569;INGATORP / HENRIKSDAL;SILLAS;2625.0;
9220842;HENRIKSDAL;SILLAS;295.0;
9251824;MÖRBYLÅNGA / VOLFGANG;SILLAS;4745.0;
19250697;LISABO / SVENBERTIL;SILLAS;1675.0;
29269724;LANDSKRONA;SILLAS;1395.0;
39161488;MELLTORP / JANINGE;SILLAS;919.0;
49861007;POÄNG;SILLAS;1210.0;
30339900;BRORINGE;SILLAS;95.0;
50223625;HEMNES;SILLAS;395.0;
59131626;MÖRBYLÅNGA / BERNHARD;SILLAS;6965.0;
59161562;TORSBY / BERNHARD;SILLAS;3875.0;
59305042;LISABO / ODGER;SILLAS;1875.0;
69161203;RYDEBÄCK/BACKARYD / JANINGE;SILLAS;1215.0;
79266148;LIDHULT;SILLAS;3032.0;
79305512;KIVIK;SILLAS;1300.0;
80417636;YNGVAR;SILLAS;395.0;
99251853;TORSBY / VOLFGANG;SILLAS;2395.0;
80369112;NORDVIKEN;SILLAS;275.0;
99305158;NORDVIKEN / RÖNNINGE;SILLAS;2875.0;
80419070;FUSION;SILLAS;1196.0;
39306250;LERHAMN;SILLAS;979.0;
90219829;BEKVÄM;SILLAS;195.0;
19161489;MELLTORP / NISSE;SILLAS;297.0;
79296857;EKEDALEN / EKEDALEN;SILLAS;1695.0;
79912760;NORBERG / NISSE;SILLAS;324.0;
80371520;TROGEN;SILLAS;89.0;
80290779;FLISAT;SILLAS;139.0;
30352246;RÅSKOG;SILLAS;175.0;
10115067;NISSE;SILLAS;99.0;
19252168;MELLTORP / TEODORES;SILLAS;499.0;
410120;HILLARED;SILLAS;35.0;
59306268;LERHAMN;SILLAS;589.0;
69221278;EKEDALEN / EKEDALEN;SILLAS;1695.0;
40301633;HENRIKSDAL;SILLAS;70.0;
400550;EKEDALEN;SILLAS;345.0;
80341019;EKEDALEN;SILLAS;225.0;
9010702;MELLTORP / MARIUS;SILLAS;299.0;
29180524;STUVA / FÖLJA;SILLAS;385.0;
80418056;POÄNG;SILLAS;134.0;
428974;NORRÅKER;SILLAS;145.0;
60247051;GAMLEBY;SILLAS;295.0;
19280680;INGATORP / INGOLF;SILLAS;2615.0;
29125410;NORSBORG;SILLAS;1740.0;
40426138;HENRIKSDAL;SILLAS;395.0;
79221310;EKEDALEN / EKEDALEN;SILLAS;1640.0;
10141170;HENRIKSDAL;SILLAS;70.0;
10400540;EKEDALEN;SILLAS;345.0;
30135658;GLENN;SILLAS;445.0;
39221190;TINGBY / LEIFARNE;SILLAS;2165.0;
39297118;LISABO / RÖNNINGE;SILLAS;2075.0;
49191705;FÄRLÖV;SILLAS;1196.0;
79161561;TORSBY / LEIFARNE;SILLAS;1675.0;
79241940;NORRÅKER / NORRÅKER;SILLAS;1385.0;
79288032;MÖRBYLÅNGA / TOSSBERG;SILLAS;5465.0;
89221319;EKEDALEN / TOBIAS;SILLAS;3065.0;
89297272;NORRÅKER / NORRARYD;SILLAS;1266.0;
89304786;LANEBERG / KARLJAN;SILLAS;1195.0;
50404824;BERNHARD;SILLAS;745.0;
60403150;VEDBO;SILLAS;595.0;
399033;GRÖNLID;SILLAS;1195.0;
9246088;MÖRBYLÅNGA / BERNHARD;SILLAS;5275.0;
9285701;INGATORP / INGOLF;SILLAS;3015.0;
9289327;DELAKTIG;SILLAS;2700.0;
429426;HATTEFJÄLL;SILLAS;150.0;
10198604;KIVIK;SILLAS;2600.0;
10288628;BRORINGE;SILLAS;95.0;
10471085;GRUVBYN;SILLAS;545.0;
19131652;MÖRBYLÅNGA / LEIFARNE;SILLAS;3665.0;
19197704;SVENBERTIL;SILLAS;275.0;
19240750;INGATORP / INGATORP;SILLAS;2725.0;
19246097;MÖRBYLÅNGA / LEIFARNE;SILLAS;3075.0;
19252173;VANGSTA / TEODORES;SILLAS;845.0;
20153068;BERNHARD;SILLAS;745.0;
29161573;MÖRBYLÅNGA / BERNHARD;SILLAS;6965.0;
30339896;SVENBERTIL;SILLAS;100.0;
39297255;NORRÅKER / RÖNNINGE;SILLAS;1085.0;
49305165;NORDVIKEN / NORDVIKEN;SILLAS;2395.0;
50165079;BLÅMES;SILLAS;375.0;
59246043;MÖRBYLÅNGA / BERNHARD;SILLAS;5275.0;
59252190;TINGBY / LEIFARNE;SILLAS;2165.0;
59254165;INGATORP / INGOLF;SILLAS;2725.0;
69221339;EKEDALEN / HENRIKSDAL;SILLAS;1975.0;
69229217;EKEDALEN / BERNHARD;SILLAS;5465.0;
69229222;EKEDALEN / HENRIKSDAL;SILLAS;2765.0;
60334722;TOBIAS;SILLAS;345.0;
69297230;NORRÅKER / RÖNNINGE;SILLAS;1976.0;
70465538;VOLFGANG;SILLAS;175.0;
79304763;NORDVIKEN / NORDVIKEN;SILLAS;3345.0;
80280515;JANINGE;SILLAS;225.0;
89161565;VÄSTANBY/VÄSTANÅ / BERNHARD;SILLAS;4295.0;
89280714;MÖRBYLÅNGA / BERNHARD;SILLAS;5275.0;
90471086;GRUVBYN;SILLAS;545.0;
90402352;VOLFGANG;SILLAS;375.0;
99304781;LANEBERG / KARLJAN;SILLAS;1195.0;
79161486;MELLTORP / ADDE;SILLAS;359.0;
19221351;EKEDALEN / EKEDALEN;SILLAS;2345.0;
59221189;VANGSTA / TEODORES;SILLAS;925.0;
165213;URBAN;SILLAS;225.0;
397736;NORRARYD;SILLAS;395.0;
39285771;INGATORP / INGOLF;SILLAS;3015.0;
80404672;VOLFGANG;SILLAS;375.0;
9252593;LANGUR;SILLAS;345.0;
10281354;JANINGE;SILLAS;595.0;
39297236;NORRÅKER / NORRARYD;SILLAS;1636.0;
59161487;MELLTORP / JANINGE;SILLAS;1099.0;
246078;JANINGE;SILLAS;225.0;
272656;BERNHARD;SILLAS;745.0;
19252615;LANGUR;SILLAS;235.0;
50185303;NORRNÄS;SILLAS;325.0;
69297268;NORRÅKER / NORRARYD;SILLAS;915.0;
90146456;INGOLF;SILLAS;275.0;
99296899;MELLTORP / TEODORES;SILLAS;249.0;
417635;YNGVAR;SILLAS;399.0;
50348668;YPPERLIG;SILLAS;195.0;
20163802;BERNHARD;SILLAS;745.0;
20396420;FJÄLLBERGET;SILLAS;995.0;
39221307;EKEDALEN / HENRIKSDAL;SILLAS;2765.0;
49297274;NORRÅKER / NORRÅKER;SILLAS;1266.0;
49304217;EKEDALEN / EKEDALEN;SILLAS;2176.0;
50402325;MÄSTERBY;SILLAS;145.0;
59254170;INGATORP / INGOLF;SILLAS;2725.0;
69221297;EKEDALEN / ODGER;SILLAS;1975.0;
69297249;NORRÅKER / RÖNNINGE;SILLAS;1085.0;
80308675;BALSBERGET;SILLAS;210.0;
99304762;LANEBERG / KARLJAN;SILLAS;1195.0;
287974;ERNFRID;SILLAS;145.0;
9240779;INGATORP / INGATORP;SILLAS;2725.0;
380948;HENRIKSDAL;SILLAS;595.0;
9252197;INGATORP / INGATORP;SILLAS;3225.0;
19103183;VÄSTANBY/VÄSTANÅ / BERNHARD;SILLAS;4295.0;
19130501;SLÄHULT/DALSHULT / LEIFARNE;SILLAS;1975.0;
19285927;INGATORP / SAKARIAS;SILLAS;4025.0;
19297261;NORRÅKER / NORRARYD;SILLAS;915.0;
19297275;NORRÅKER / NORRÅKER;SILLAS;1266.0;
19830588;POÄNG;SILLAS;995.0;
29259838;MÖRBYLÅNGA / VOLFGANG;SILLAS;4745.0;
29296874;EKEDALEN / EKEDALEN;SILLAS;1245.0;
29296906;MÖRBYLÅNGA / ODGER;SILLAS;4265.0;
29297232;NORRÅKER / NORRARYD;SILLAS;1636.0;
29304765;NORDVIKEN / NORDVIKEN;SILLAS;3345.0;
30308395;RÅSKOG;SILLAS;175.0;
39184324;HENRIKSDAL;SILLAS;435.0;
39256599;GRÖNLID;SILLAS;2200.0;
39297123;LISABO / RÖNNINGE;SILLAS;2075.0;
39305161;NORDVIKEN / HENRIKSDAL;SILLAS;2675.0;
39305180;NORDVIKEN / LEIFARNE;SILLAS;2275.0;
39307706;VEDBO / VEDBO;SILLAS;5865.0;
49103247;LISABO / JANINGE;SILLAS;1595.0;
49221298;EKEDALEN / LEIFARNE;SILLAS;1575.0;
49221321;EKEDALEN / ODGER;SILLAS;2765.0;
49229261;EKEDALEN / HENRIKSDAL;SILLAS;2765.0;
49252181;LISABO / SVENBERTIL;SILLAS;1475.0;
49297293;TINGBY / NILSOVE;SILLAS;2575.0;
49304769;NORDVIKEN / LEIFARNE;SILLAS;3165.0;
50393000;DIETMAR;SILLAS;175.0;
59161492;MÖCKELBY / NORRARYD;SILLAS;4055.0;
59277015;MÖCKELBY / HENRIKSDAL;SILLAS;4265.0;
59305061;MÖRBYLÅNGA / ODGER;SILLAS;4265.0;
59305155;NORDVIKEN / NORDVIKEN;SILLAS;2395.0;
59829125;POÄNG;SILLAS;995.0;
69130612;VÄSTANBY/VÄSTANÅ / LEIFARNE;SILLAS;2095.0;
69161552;RYDEBÄCK/BACKARYD / JANINGE;SILLAS;1395.0;
69221283;EKEDALEN / ODGER;SILLAS;1149.0;
69221320;EKEDALEN / HENRIKSDAL;SILLAS;4565.0;
69221344;EKEDALEN / ODGER;SILLAS;1975.0;
69221438;EKEDALEN / ODGER;SILLAS;1975.0;
69251821;MÖRBYLÅNGA / VOLFGANG;SILLAS;3795.0;
69276256;MÖCKELBY / HENRIKSDAL;SILLAS;4265.0;
69304221;EKEDALEN / EKEDALEN;SILLAS;2176.0;
69305174;NORDVIKEN / NORRARYD;SILLAS;2535.0;
70288630;DIETMAR;SILLAS;175.0;
79229212;EKEDALEN / ODGER;SILLAS;2765.0;
79277019;MÖCKELBY / ODGER;SILLAS;4265.0;
89252202;INGATORP / INGATORP;SILLAS;3225.0;
89259840;MÖRBYLÅNGA / VOLFGANG;SILLAS;3795.0;
89280766;EKEDALEN / BERNHARD;SILLAS;3775.0;
89297229;NORRÅKER / RÖNNINGE;SILLAS;1976.0;
89304767;NORDVIKEN / LEIFARNE;SILLAS;3165.0;
80389148;FANBYN;SILLAS;125.0;
89305168;NORDVIKEN / RÖNNINGE;SILLAS;2875.0;
89305173;NORDVIKEN / NORRARYD;SILLAS;2535.0;
99221446;EKEDALEN / BERNHARD;SILLAS;5465.0;
99246098;MÖRBYLÅNGA / ODGER;SILLAS;3475.0;
99304795;LANEBERG / SVENBERTIL;SILLAS;1475.0;
99305177;NORDVIKEN / LEIFARNE;SILLAS;2275.0;
59297141;JONAXEL;ALMACENAMIENTO;135.0;
30469307;BRYGGJA;ALMACENAMIENTO;1295.0;
20341970;HELMER;ALMACENAMIENTO;175.0;
9325387;PLATSA;ALMACENAMIENTO;443.0;
30326177;LENNART;ALMACENAMIENTO;49.0;
60403584;MALM;ALMACENAMIENTO;555.0;
75305709;RAST;ALMACENAMIENTO;139.0;
70366798;SONGESAND;ALMACENAMIENTO;695.0;
20403562;MALM;ALMACENAMIENTO;295.0;
10385950;KOPPANG;ALMACENAMIENTO;395.0;
10239280;HEMNES;ALMACENAMIENTO;1095.0;
80214549;MALM;ALMACENAMIENTO;165.0;
60322130;KULLEN;ALMACENAMIENTO;89.0;
60403602;MALM;ALMACENAMIENTO;495.0;
392041;BRIMNES;ALMACENAMIENTO;325.0;
20270802;ASKVOLL;ALMACENAMIENTO;245.0;
50192822;ALEX;ALMACENAMIENTO;550.0;
451498;NIKKEBY;ALMACENAMIENTO;345.0;
90392046;BRIMNES;ALMACENAMIENTO;445.0;
30309234;KULLEN;ALMACENAMIENTO;199.0;
50293722;LOTE;ALMACENAMIENTO;115.0;
90374274;HEMNES;ALMACENAMIENTO;645.0;
30403571;MALM;ALMACENAMIENTO;425.0;
40393661;KULLEN;ALMACENAMIENTO;299.0;
50374271;HEMNES;ALMACENAMIENTO;375.0;
70403593;MALM;ALMACENAMIENTO;495.0;
50391143;ASKVOLL;ALMACENAMIENTO;345.0;
79305098;JONAXEL;ALMACENAMIENTO;180.0;
9305087;JONAXEL;ALMACENAMIENTO;135.0;
10192824;ALEX;ALMACENAMIENTO;345.0;
20374277;HEMNES;ALMACENAMIENTO;895.0;
30439457;NIKKEBY;ALMACENAMIENTO;295.0;
20270816;ASKVOLL;ALMACENAMIENTO;175.0;
80391325;TYSSEDAL;ALMACENAMIENTO;945.0;
421656;NORDMELA;ALMACENAMIENTO;716.0;
359739;ROTHULT;ALMACENAMIENTO;95.0;
20293714;TYSSEDAL;ALMACENAMIENTO;1045.0;
70407299;BJÖRKSNÄS;ALMACENAMIENTO;1295.0;
60429999;MALM;ALMACENAMIENTO;115.0;
90366839;SONGESAND;ALMACENAMIENTO;495.0;
80347163;VISTHUS;ALMACENAMIENTO;845.0;
353761;KLIMPEN;ALMACENAMIENTO;200.0;
90213078;MICKE;ALMACENAMIENTO;245.0;
89297130;JONAXEL;ALMACENAMIENTO;115.0;
99297144;JONAXEL;ALMACENAMIENTO;170.0;
10421665;NORDMELA;ALMACENAMIENTO;636.0;
60400415;TRYSIL;ALMACENAMIENTO;445.0;
89239507;NORDLI;ALMACENAMIENTO;1300.0;
430019;HEMNES;ALMACENAMIENTO;70.0;
20252266;SUMMERA;ALMACENAMIENTO;49.0;
90347167;VISTHUS;ALMACENAMIENTO;521.5;
49277247;PLATSA;ALMACENAMIENTO;456.0;
79239490;NORDLI;ALMACENAMIENTO;1860.0;
60305705;BUSUNGE;ALMACENAMIENTO;395.0;
70366784;SONGESAND;ALMACENAMIENTO;645.0;
69282399;BEKANT;ALMACENAMIENTO;844.0;
89252688;STUVA / FRITIDS;ALMACENAMIENTO;545.0;
80433486;GODISHUS;ALMACENAMIENTO;295.0;
29239497;NORDLI;ALMACENAMIENTO;920.0;
79277255;PLATSA;ALMACENAMIENTO;499.0;
9287291;IDÅSEN;ALMACENAMIENTO;690.0;
9277211;PLATSA;ALMACENAMIENTO;356.0;
40244751;MICKE;ALMACENAMIENTO;245.0;
9297134;JONAXEL;ALMACENAMIENTO;150.0;
49239496;NORDLI;ALMACENAMIENTO;900.0;
40196241;ALEX;ALMACENAMIENTO;545.0;
19297138;JONAXEL;ALMACENAMIENTO;200.0;
69252712;STUVA / FRITIDS;ALMACENAMIENTO;730.0;
39239835;NORDLI;ALMACENAMIENTO;460.0;
30415036;NORDLI;ALMACENAMIENTO;240.0;
19306185;JONAXEL;ALMACENAMIENTO;160.0;
20229011;BUSUNGE;ALMACENAMIENTO;395.0;
10391324;TYSSEDAL;ALMACENAMIENTO;945.0;
99239489;NORDLI;ALMACENAMIENTO;1880.0;
9252673;STUVA / FRITIDS;ALMACENAMIENTO;415.0;
60366789;SONGESAND;ALMACENAMIENTO;595.0;
9239498;NORDLI;ALMACENAMIENTO;920.0;
99239494;NORDLI;ALMACENAMIENTO;500.0;
69276567;NORDLI;ALMACENAMIENTO;920.0;
9239827;NORDLI;ALMACENAMIENTO;380.0;
10383461;NORDLI;ALMACENAMIENTO;320.0;
29277229;PLATSA;ALMACENAMIENTO;398.0;
20341003;ERIK;ALMACENAMIENTO;395.0;
49297491;JONAXEL;ALMACENAMIENTO;195.0;
9297488;JONAXEL;ALMACENAMIENTO;230.0;
89239499;NORDLI;ALMACENAMIENTO;980.0;
29239505;NORDLI;ALMACENAMIENTO;1540.0;
49248033;NORDLI;ALMACENAMIENTO;960.0;
79239843;NORDLI;ALMACENAMIENTO;620.0;
59239504;NORDLI;ALMACENAMIENTO;1220.0;
60365153;GALANT;ALMACENAMIENTO;825.0;
49211690;NORDLI;ALMACENAMIENTO;1860.0;
60353763;KLIMPEN;ALMACENAMIENTO;495.0;
90383457;NORDLI;ALMACENAMIENTO;240.0;
19276522;NORDLI;ALMACENAMIENTO;380.0;
59297438;JONAXEL;ALMACENAMIENTO;140.0;
90365161;GALANT;ALMACENAMIENTO;1795.0;
29248010;NORDLI;ALMACENAMIENTO;1640.0;
30151808;ERIK;ALMACENAMIENTO;395.0;
20383465;NORDLI;ALMACENAMIENTO;320.0;
99279588;STUVA / FRITIDS;ALMACENAMIENTO;375.0;
19276621;NORDLI;ALMACENAMIENTO;1640.0;
69239495;NORDLI;ALMACENAMIENTO;580.0;
40383474;NORDLI;ALMACENAMIENTO;200.0;
50397913;IDÅSEN;ALMACENAMIENTO;595.0;
29276550;NORDLI;ALMACENAMIENTO;1060.0;
60365855;NORDLI;ALMACENAMIENTO;320.0;
69286806;BEKANT;ALMACENAMIENTO;1000.0;
49286510;BEKANT;ALMACENAMIENTO;939.0;
79282426;BEKANT;ALMACENAMIENTO;905.0;
40383469;NORDLI;ALMACENAMIENTO;400.0;
99211758;NORDLI;ALMACENAMIENTO;1060.0;
49276629;NORDLI;ALMACENAMIENTO;1220.0;
69276633;NORDLI;ALMACENAMIENTO;1320.0;
50391421;NORDLI;ALMACENAMIENTO;140.0;
99239502;NORDLI;ALMACENAMIENTO;1060.0;
19248015;NORDLI;ALMACENAMIENTO;1580.0;
10365928;NORDLI;ALMACENAMIENTO;320.0;
19211757;NORDLI;ALMACENAMIENTO;1060.0;
49276549;NORDLI;ALMACENAMIENTO;620.0;
365924;NORDLI;ALMACENAMIENTO;240.0;
59211760;NORDLI;ALMACENAMIENTO;980.0;
79239503;NORDLI;ALMACENAMIENTO;1320.0;
9248006;NORDLI;ALMACENAMIENTO;1080.0;
79211759;NORDLI;ALMACENAMIENTO;1320.0;
10460888;SMÅGÖRA;INFANTIL;495.0;
39337911;POÄNG;INFANTIL;179.0;
19338054;TROFAST;INFANTIL;245.0;
59337670;LOBERGET / SIBBEN;INFANTIL;95.0;
50178411;LÄTT;INFANTIL;135.0;
50365177;MAMMUT;INFANTIL;129.0;
40365371;MAMMUT;INFANTIL;59.0;
80382321;MAMMUT;INFANTIL;59.0;
90365180;MAMMUT;INFANTIL;149.0;
80342052;CIRKUSTÄLT;INFANTIL;79.0;
60357737;UTTER;INFANTIL;45.0;
60365346;MAMMUT;INFANTIL;59.0;
20382324;MAMMUT;INFANTIL;29.0;
29042877;TROFAST;INFANTIL;365.0;
40365366;MAMMUT;INFANTIL;59.0;
60248418;FÖRSIKTIG;INFANTIL;15.0;
60365167;MAMMUT;INFANTIL;129.0;
70392542;STRANDMON;INFANTIL;495.0;
30213076;MICKE;INFANTIL;175.0;
80201740;SUNDVIK;INFANTIL;245.0;
50298418;FLISAT;INFANTIL;349.0;
60306494;PÅHL;INFANTIL;125.0;
70441769;ÖRFJÄLL;INFANTIL;195.0;
9903014;MICKE;INFANTIL;451.0;
79898306;TROFAST;INFANTIL;155.0;
90116553;POÄNG;INFANTIL;179.0;
50365361;MAMMUT;INFANTIL;29.0;
10407136;IKEA PS LÖMSK;INFANTIL;345.0;
10362963;SLÄKT;INFANTIL;425.0;
89228472;TROFAST;INFANTIL;350.0;
10201673;SUNDVIK;INFANTIL;175.0;
19102659;TROFAST;INFANTIL;395.0;
10243574;BUSA;INFANTIL;49.0;
80213074;MICKE;INFANTIL;276.0;
39252756;STUVA / FRITIDS;INFANTIL;425.0;
59252637;STUVA / FRITIDS;INFANTIL;395.0;
99228570;TROFAST;INFANTIL;195.0;
80290779;FLISAT;INFANTIL;139.0;
60196358;SUNDVIK;INFANTIL;125.0;
70228325;RESÖ;INFANTIL;205.0;
49102304;TROFAST;INFANTIL;195.0;
80433486;GODISHUS;INFANTIL;295.0;
10091453;TROFAST;INFANTIL;275.0;
19275075;STUVA / FRITIDS;INFANTIL;1545.0;
50422494;GODISHUS;INFANTIL;395.0;
60441779;ÖRFJÄLL;INFANTIL;195.0;
80371520;TROGEN;INFANTIL;89.0;
50171122;TROFAST;INFANTIL;125.0;
50312909;BUSSAN;INFANTIL;525.0;
40273593;FLISAT;INFANTIL;89.0;
60305705;BUSUNGE;INFANTIL;395.0;
30306495;PÅHL;INFANTIL;100.0;
60265163;BOLMEN;INFANTIL;22.0;
10192013;BUSA;INFANTIL;89.0;
29228470;TROFAST;INFANTIL;365.0;
99228476;TROFAST;INFANTIL;250.0;
90253535;AGAM;INFANTIL;195.0;
50196354;SUNDVIK;INFANTIL;140.0;
59128959;PÅHL;INFANTIL;395.0;
49123405;TROFAST;INFANTIL;350.0;
10269696;SUNDVIK;INFANTIL;1095.0;
95685100;TROFAST;INFANTIL;15.0;
20273594;FLISAT;INFANTIL;449.0;
9252593;LANGUR;INFANTIL;345.0;
90091454;TROFAST;INFANTIL;30.0;
20305707;BUSUNGE;INFANTIL;645.0;
10424353;VIMUND;INFANTIL;299.0;
80196357;SUNDVIK;INFANTIL;125.0;
80229008;BUSUNGE;INFANTIL;645.0;
89102095;TROFAST;INFANTIL;475.0;
29252912;STUVA / FRITIDS;INFANTIL;830.0;
50308002;TROFAST;INFANTIL;10.0;
20089242;TROFAST;INFANTIL;25.0;
50346985;LANGUR;INFANTIL;35.0;
50357785;UTTER;INFANTIL;25.0;
69260081;YPPERLIG;INFANTIL;665.0;
10441786;ÖRFJÄLL;INFANTIL;195.0;
59253043;STUVA / FRITIDS;INFANTIL;1225.0;
99129004;PÅHL;INFANTIL;450.0;
20229011;BUSUNGE;INFANTIL;395.0;
30298023;TROFAST;INFANTIL;15.0;
70091412;TROFAST;INFANTIL;5.0;
59279585;STUVA / FRITIDS;INFANTIL;375.0;
90269697;SUNDVIK;INFANTIL;1095.0;
80308699;TROFAST;INFANTIL;55.0;
80153800;TROFAST;INFANTIL;275.0;
9252673;STUVA / FRITIDS;INFANTIL;415.0;
49128945;PÅHL;INFANTIL;295.0;
89128953;PÅHL;INFANTIL;325.0;
39207716;JULES;INFANTIL;255.0;
60308695;TROFAST;INFANTIL;385.0;
30128629;STUVA;INFANTIL;175.0;
90287413;BUNSÖ;INFANTIL;69.0;
19252856;STUVA / FRITIDS;INFANTIL;675.0;
89252688;STUVA / FRITIDS;INFANTIL;545.0;
49252553;LANGUR;INFANTIL;400.0;
30091452;TROFAST;INFANTIL;150.0;
29103007;TROFAST;INFANTIL;240.0;
70451635;POÄNG;INFANTIL;45.0;
20308701;TROFAST;INFANTIL;165.0;
99228551;TROFAST;INFANTIL;260.0;
80418056;POÄNG;INFANTIL;134.0;
69128992;PÅHL;INFANTIL;420.0;
49128969;PÅHL;INFANTIL;425.0;
80089239;TROFAST;INFANTIL;10.0;
80362974;SLÄKT;INFANTIL;295.0;
90146456;INGOLF;INFANTIL;275.0;
91415;TROFAST;INFANTIL;5.0;
20308697;TROFAST;INFANTIL;320.0;
10308693;TROFAST;INFANTIL;195.0;
70253541;AGAM;INFANTIL;195.0;
9102532;TROFAST;INFANTIL;395.0;
40466285;TROFAST;INFANTIL;10.0;
69337801;TROFAST;INFANTIL;200.0;
60353838;INGOLF;INFANTIL;220.0;
79102958;TROFAST;INFANTIL;410.0;
50348668;YPPERLIG;INFANTIL;195.0;
69252712;STUVA / FRITIDS;INFANTIL;730.0;
165213;URBAN;INFANTIL;225.0;
30171123;TROFAST;INFANTIL;175.0;
19252615;LANGUR;INFANTIL;235.0;
30466281;TROFAST;INFANTIL;15.0;
50466275;TROFAST;INFANTIL;15.0;
40348664;YPPERLIG;INFANTIL;275.0;
79151312;SÖDERHAMN;SOFAS;890.0;
79135746;SÖDERHAMN;SOFAS;1300.0;
79315945;STOCKSUND;SOFAS;995.0;
19305567;KIVIK;SOFAS;2995.0;
19305572;KIVIK;SOFAS;1695.0;
79135751;SÖDERHAMN;SOFAS;1295.0;
10424621;KNOPPARP;SOFAS;345.0;
10469186;ANGERSBY;SOFAS;745.0;
19129178;EKTORP;SOFAS;1075.0;
49129209;EKTORP;SOFAS;1750.0;
79135949;SÖDERHAMN;SOFAS;4935.0;
49303393;VIMLE;SOFAS;1400.0;
39217838;SANDBACKEN;SOFAS;1327.0;
39216754;FRIHETEN;SOFAS;1846.0;
9251777;KLIPPAN;SOFAS;995.0;
385314;SANDARED;SOFAS;245.0;
90354327;HAMMARN;SOFAS;399.0;
49282989;SÖDERHAMN;SOFAS;3120.0;
69217790;SANDBACKEN;SOFAS;1176.0;
79254683;GRÖNLID;SOFAS;4585.0;
69129798;STOCKSUND;SOFAS;2695.0;
19325457;HÄSSELBY;SOFAS;1295.0;
89135944;SÖDERHAMN;SOFAS;1995.0;
79257498;EKTORP;SOFAS;3395.0;
69240026;NORSBORG;SOFAS;3300.0;
20033919;ALSEDA;SOFAS;195.0;
30451067;GAMLARP;SOFAS;2795.0;
80437489;GRYTTBY;SOFAS;206.5;
29284381;SÖDERHAMN;SOFAS;4190.0;
9217830;BRÅTHULT;SOFAS;1277.0;
60431563;FRIHETEN;SOFAS;1845.0;
89254786;GRÖNLID;SOFAS;2195.0;
59270274;LANDSKRONA;SOFAS;1995.0;
29193692;KIVIK;SOFAS;6545.0;
60116960;LYCKSELE;SOFAS;100.0;
50360009;STRANDMON;SOFAS;300.0;
59307649;GRÖNLID;SOFAS;3590.0;
89135939;SÖDERHAMN;SOFAS;1645.0;
70284203;ASKEBY;SOFAS;995.0;
59217804;BRÅTHULT;SOFAS;1176.0;
89239786;NORSBORG;SOFAS;4580.0;
69298772;VIMLE;SOFAS;2610.0;
49240193;NORSBORG;SOFAS;2020.0;
9306416;NYHAMN;SOFAS;1470.0;
79217902;SANDBACKEN;SOFAS;1841.0;
99239620;NORSBORG;SOFAS;380.0;
19257509;EKTORP;SOFAS;2345.0;
40266682;BOSNÄS;SOFAS;95.0;
89272667;LANDSKRONA;SOFAS;3795.0;
79284958;VIMLE;SOFAS;3805.0;
19254780;GRÖNLID;SOFAS;1795.0;
49151276;SÖDERHAMN;SOFAS;1174.0;
20424362;FYRESDAL;SOFAS;549.0;
19239817;NORSBORG;SOFAS;1660.0;
20403374;EKTORP;SOFAS;395.0;
10434309;GAMLEHULT;SOFAS;325.0;
19282962;SÖDERHAMN;SOFAS;1990.0;
59284351;SÖDERHAMN;SOFAS;3845.0;
39270326;LANDSKRONA;SOFAS;2495.0;
89300750;FLOTTEBO;SOFAS;2236.0;
80328292;SÖDERHAMN;SOFAS;27.0;
69192657;FÄRLÖV;SOFAS;2595.0;
79150751;HOLMSUND;SOFAS;2995.0;
90349326;HEMNES;SOFAS;1495.0;
70451065;GAMLARP;SOFAS;2395.0;
70340567;GRÄLVIKEN;SOFAS;1995.0;
9193754;KIVIK;SOFAS;2195.0;
89305535;KIVIK;SOFAS;5145.0;
9256256;GRÖNLID;SOFAS;5990.0;
29254647;GRÖNLID;SOFAS;1395.0;
9270295;LANDSKRONA;SOFAS;3495.0;
40399314;KLIPPAN;SOFAS;1295.0;
29257504;EKTORP;SOFAS;395.0;
9149879;VALLENTUNA;SOFAS;1160.0;
59256414;GRÖNLID;SOFAS;4545.0;
99135934;SÖDERHAMN;SOFAS;745.0;
99295593;VIMLE;SOFAS;3535.0;
99299708;VIMLE;SOFAS;5530.0;
69254792;GRÖNLID;SOFAS;3190.0;
90413478;STOCKSUND;SOFAS;345.0;
9289346;DELAKTIG;SOFAS;3275.0;
59254641;GRÖNLID;SOFAS;745.0;
80245051;STOCKHOLM;SOFAS;6680.0;
69254810;GRÖNLID;SOFAS;6575.0;
69285232;VIMLE;SOFAS;6030.0;
80425212;KLIPPAN;SOFAS;295.0;
50321697;EKTORP;SOFAS;175.0;
9217849;BRÅTHULT;SOFAS;1991.0;
99192401;FÄRLÖV;SOFAS;1836.0;
59193723;KIVIK;SOFAS;8295.0;
99270465;LANDSKRONA;SOFAS;4295.0;
89284712;VIMLE;SOFAS;1995.0;
10417852;VALLENTUNA;SOFAS;40.0;
69304829;MARKERAD;SOFAS;1092.0;
29011423;KIVIK;SOFAS;3245.0;
9251961;HAVSTEN;SOFAS;2025.0;
20394317;POÄNG;SOFAS;172.0;
10382876;KUNGSHAMN;SOFAS;60.0;
40344500;STOCKHOLM 2017;SOFAS;5436.0;
20382786;KUNGSHAMN;SOFAS;90.0;
89239748;NORSBORG;SOFAS;6780.0;
385309;SANDARED;SOFAS;345.0;
386097;DELAKTIG;SOFAS;200.0;
30442662;EKOLSUND;SOFAS;250.0;
9284909;VIMLE;SOFAS;3385.0;
89277486;VALLENTUNA;SOFAS;1948.0;
60372276;HEMNES;SOFAS;1495.0;
99297484;FLOTTEBO;SOFAS;1596.0;
20328327;SÖDERHAMN;SOFAS;445.0;
40394830;DELAKTIG;SOFAS;75.0;
90394795;DELAKTIG;SOFAS;125.0;
29282853;SÖDERHAMN;SOFAS;2370.0;
89240761;HOLMSUND;SOFAS;2295.0;
49248189;KUNGSHAMN;SOFAS;585.0;
59135653;SÖDERHAMN;SOFAS;175.0;
20303751;NORSBORG;SOFAS;80.0;
289322;STOCKSUND;SOFAS;100.0;
40396278;GRÖNLID;SOFAS;60.0;
40394321;POÄNG;SOFAS;70.0;
39266094;LIDHULT;SOFAS;5840.0;
79284468;SÖDERHAMN;SOFAS;2775.0;
50382493;KUNGSHAMN;SOFAS;45.0;
50418053;VALLENTUNA;SOFAS;100.0;
60418043;VALLENTUNA;SOFAS;60.0;
40410335;TULLSTA;SOFAS;145.0;
29277700;VALLENTUNA;SOFAS;3896.0;
99254677;GRÖNLID;SOFAS;4185.0;
50468953;VATTVIKEN;SOFAS;995.0;
49269983;LANDSKRONA;SOFAS;6095.0;
10438166;NYHAMN;SOFAS;345.0;
10430033;DELAKTIG;SOFAS;100.0;
70321682;EKTORP;SOFAS;125.0;
99279381;VALLENTUNA;SOFAS;104.0;
19270266;LANDSKRONA;SOFAS;2995.0;
9306435;NYHAMN;SOFAS;1445.0;
19239997;NORSBORG;SOFAS;4220.0;
70343797;NYHAMN;SOFAS;175.0;
59279439;VALLENTUNA;SOFAS;680.0;
340472;DIHULT;SOFAS;262.5;
50363970;SANDARED;SOFAS;445.0;
79244665;POÄNG;SOFAS;195.0;
59277652;VALLENTUNA;SOFAS;2932.0;
10224330;SÖDERHAMN;SOFAS;145.0;
30292399;LANDSKRONA;SOFAS;100.0;
79277632;LIDHULT;SOFAS;9585.0;
49256971;LIDHULT;SOFAS;2895.0;
50413847;KIVIK;SOFAS;250.0;
60348917;KIVIK;SOFAS;795.0;
49285582;VIMLE;SOFAS;3355.0;
19292678;VIMLE;SOFAS;4645.0;
39239816;NORSBORG;SOFAS;5500.0;
50468694;EMTEN;SOFAS;39.0;
99241840;NORSBORG;SOFAS;1680.0;
30402901;EKTORP;SOFAS;695.0;
40446985;GENEVAD;SOFAS;2697.0;
59285360;VIMLE;SOFAS;205.0;
39305528;KIVIK;SOFAS;4645.0;
10322316;EKTORP;SOFAS;645.0;
89305540;KIVIK;SOFAS;5945.0;
99289375;DELAKTIG;SOFAS;2575.0;
80382608;NORSBORG;SOFAS;140.0;
351125;VIMLE;SOFAS;125.0;
40399272;GRÖNLID;SOFAS;95.0;
80405921;LIDHULT;SOFAS;100.0;
79256917;LIDHULT;SOFAS;2695.0;
49192663;FÄRLÖV;SOFAS;596.0;
79279419;VALLENTUNA;SOFAS;640.0;
39149892;LYCKSELE LÖVÅS;SOFAS;1245.0;
50304075;NORSBORG;SOFAS;280.0;
80418117;VALLENTUNA;SOFAS;160.0;
328347;SÖDERHAMN;SOFAS;375.0;
79295551;VIMLE;SOFAS;2665.0;
79254659;GRÖNLID;SOFAS;200.0;
60403305;EKTORP;SOFAS;100.0;
59259691;DELAKTIG;SOFAS;3900.0;
89278612;GRÖNLID;SOFAS;7610.0;
99292047;LIDHULT;SOFAS;4695.0;
198591;KIVIK;SOFAS;3800.0;
19289987;LIDHULT;SOFAS;700.0;
20306231;FÄRLÖV;SOFAS;795.0;
80428927;LYCKSELE;SOFAS;350.0;
39181245;POÄNG;SOFAS;245.0;
9276971;VALLENTUNA;SOFAS;1468.0;
10336182;BRÅTHULT;SOFAS;250.0;
19278502;GRÖNLID;SOFAS;5040.0;
49252949;KIVIK;SOFAS;6895.0;
59270354;LANDSKRONA;SOFAS;5995.0;
69285294;VIMLE;SOFAS;8395.0;
228705;BRIMNES;SOFAS;1095.0;
30417870;VALLENTUNA;SOFAS;116.0;
40417695;VALLENTUNA;SOFAS;300.0;
9289327;DELAKTIG;SOFAS;2700.0;
9299661;VIMLE;SOFAS;4805.0;
80454493;SÖDERHAMN;SOFAS;450.0;
10328276;SÖDERHAMN;SOFAS;250.0;
20396255;GRÖNLID;SOFAS;145.0;
20396260;GRÖNLID;SOFAS;170.0;
29266184;LIDHULT;SOFAS;7785.0;
29278115;GRÖNLID;SOFAS;3595.0;
39306368;NYHAMN;SOFAS;1195.0;
69278415;GRÖNLID;SOFAS;4390.0;
60426509;DELAKTIG;SOFAS;225.0;
39817883;POÄNG;SOFAS;275.0;
89248192;KUNGSHAMN;SOFAS;300.0;
79279396;VALLENTUNA;SOFAS;320.0;
30347151;KOARP;SOFAS;280.0;
49254774;GRÖNLID;SOFAS;850.0;
19105714;NORSBORG;SOFAS;1020.0;
20397014;GRÖNLID;SOFAS;200.0;
29277960;VALLENTUNA;SOFAS;4604.0;
404360;LIDHULT;SOFAS;495.0;
39256071;GRÖNLID;SOFAS;4865.0;
50319859;NOCKEBY;SOFAS;645.0;
89259939;DELAKTIG;SOFAS;275.0;
89278080;VALLENTUNA;SOFAS;7988.0;
30394840;DELAKTIG;SOFAS;75.0;
80413921;KIVIK;SOFAS;395.0;
90404054;LIDHULT;SOFAS;245.0;
9251956;HAVSTEN;SOFAS;2170.0;
80341496;NYHAMN;SOFAS;600.0;
79258308;VIMLE;SOFAS;150.0;
9279371;VALLENTUNA;SOFAS;220.0;
29297454;FLOTTEBO;SOFAS;1676.0;
30105901;POÄNG;SOFAS;785.0;
30396797;GRÖNLID;SOFAS;495.0;
59257437;LIDHULT;SOFAS;6440.0;
70304121;NORSBORG;SOFAS;320.0;
409447;VIMLE;SOFAS;700.0;
413538;STOCKSUND;SOFAS;300.0;
9289884;LIDHULT;SOFAS;1995.0;
9293999;VIMLE;SOFAS;495.0;
19289303;DELAKTIG;SOFAS;2350.0;
19299726;VIMLE;SOFAS;7765.0;
29276965;VALLENTUNA;SOFAS;4116.0;
29277026;VALLENTUNA;SOFAS;2300.0;
39277894;VALLENTUNA;SOFAS;3388.0;
39298778;VIMLE;SOFAS;4305.0;
49277978;VALLENTUNA;SOFAS;5300.0;
59241597;NORSBORG;SOFAS;1280.0;
59285384;VIMLE;SOFAS;1290.0;
30306221;FÄRLÖV;SOFAS;556.0;
60336194;SANDBACKEN;SOFAS;330.0;
69219505;VIMLE;SOFAS;1585.0;
69259676;DELAKTIG;SOFAS;3100.0;
89272648;LANDSKRONA;SOFAS;5495.0;
99257280;LIDHULT;SOFAS;8240.0;
99285042;VIMLE;SOFAS;4740.0;
90344507;STOCKHOLM 2017;SOFAS;516.0;
60382628;NORSBORG;SOFAS;80.0;
90409457;VIMLE;SOFAS;100.0;
69193713;KIVIK;SOFAS;695.0;
70304201;NORSBORG;SOFAS;280.0;
50351104;VIMLE;SOFAS;190.0;
60289324;STOCKSUND;SOFAS;100.0;
9219457;VIMLE;SOFAS;2055.0;
49269153;LANDSKRONA;SOFAS;8495.0;
10470972;STOCKSUND;SOFAS;695.0;
60276675;EKENÄS;SOFAS;395.0;
89220131;VIMLE;SOFAS;810.0;
9256317;GRÖNLID;SOFAS;895.0;
19240062;NORSBORG;SOFAS;4220.0;
19294502;VIMLE;SOFAS;4785.0;
20336252;SANDBACKEN;SOFAS;375.0;
29257127;LIDHULT;SOFAS;5428.0;
30198599;KIVIK;SOFAS;1196.0;
30397080;GRÖNLID;SOFAS;295.0;
70353456;VIMLE;SOFAS;225.0;
30306235;FÄRLÖV;SOFAS;395.0;
70397993;GRÖNLID;SOFAS;1100.0;
79149927;LYCKSELE MURBO;SOFAS;1545.0;
79257016;LIDHULT;SOFAS;3108.0;
89140002;NORSBORG;SOFAS;900.0;
70405752;LIDHULT;SOFAS;200.0;
80413902;KIVIK;SOFAS;145.0;
69242073;NORSBORG;SOFAS;1360.0;
19290071;LIDHULT;SOFAS;350.0;
70292397;LANDSKRONA;SOFAS;100.0;
60396885;GRÖNLID;SOFAS;375.0;
9256529;GRÖNLID;SOFAS;545.0;
9256553;GRÖNLID;SOFAS;1670.0;
9276853;VALLENTUNA;SOFAS;5796.0;
9289370;DELAKTIG;SOFAS;2125.0;
9299430;VIMLE;SOFAS;775.0;
9306355;NYHAMN;SOFAS;1520.0;
19255845;GRÖNLID;SOFAS;1135.0;
19284857;VIMLE;SOFAS;2515.0;
19289548;LIDHULT;SOFAS;995.0;
29241933;NORSBORG;SOFAS;1280.0;
29255821;GRÖNLID;SOFAS;465.0;
39294134;VIMLE;SOFAS;540.0;
49277676;VALLENTUNA;SOFAS;2696.0;
59256584;GRÖNLID;SOFAS;2500.0;
59278557;GRÖNLID;SOFAS;6110.0;
79278919;GRÖNLID;SOFAS;1015.0;
70410089;VIMLE;SOFAS;50.0;
79279004;GRÖNLID;SOFAS;1610.0;
79305220;VIMLE;SOFAS;350.0;
89256035;GRÖNLID;SOFAS;1445.0;
80418018;VALLENTUNA;SOFAS;80.0;
89256511;GRÖNLID;SOFAS;1260.0;
99239615;NORSBORG;SOFAS;580.0;
50255536;RÖDEBY;SOFAS;69.0;
99211621;HEMNES;SOFAS;2085.0;
99251966;HAVSTEN;SOFAS;3120.0;
382594;NORSBORG;SOFAS;360.0;
39297458;FLOTTEBO;SOFAS;2156.0;
40399012;GRÖNLID;SOFAS;350.0;
79239635;NORSBORG;SOFAS;500.0;
99257176;LIDHULT;SOFAS;4495.0;
10441734;FLOTTEBO;SOFAS;476.0;
289317;STOCKSUND;SOFAS;100.0;
30351044;VIMLE;SOFAS;515.0;
59829111;POÄNG;SOFAS;375.0;
90351084;VIMLE;SOFAS;425.0;
70306243;FÄRLÖV;SOFAS;195.0;
9253639;VIMLE;SOFAS;1900.0;
9277782;VALLENTUNA;SOFAS;4448.0;
9904706;KIVIK;SOFAS;6400.0;
405133;LIDHULT;SOFAS;350.0;
10405590;LIDHULT;SOFAS;350.0;
19257076;LIDHULT;SOFAS;4040.0;
19289317;DELAKTIG;SOFAS;275.0;
19289911;LIDHULT;SOFAS;2195.0;
19289925;LIDHULT;SOFAS;1800.0;
19294347;VIMLE;SOFAS;2310.0;
10418026;VALLENTUNA;SOFAS;240.0;
20398754;GRÖNLID;SOFAS;550.0;
29111253;NORSBORG;SOFAS;1660.0;
29894377;KIVIK;SOFAS;6160.0;
30405853;LIDHULT;SOFAS;550.0;
30433790;VIMLE;SOFAS;435.0;
39046403;KIVIK;SOFAS;2650.0;
39117674;NORSBORG;SOFAS;460.0;
40336190;BRÅTHULT;SOFAS;305.0;
40399267;GRÖNLID;SOFAS;695.0;
40405876;LIDHULT;SOFAS;2320.0;
49218267;VIMLE;SOFAS;720.0;
49251983;HAVSTEN;SOFAS;2975.0;
49256594;GRÖNLID;SOFAS;4100.0;
49270260;LANDSKRONA;SOFAS;1800.0;
59255706;GRÖNLID;SOFAS;3760.0;
69218285;VIMLE;SOFAS;865.0;
50407021;LIDHULT;SOFAS;356.0;
69256220;GRÖNLID;SOFAS;2045.0;
69257328;LIDHULT;SOFAS;6295.0;
79217921;VIMLE;SOFAS;1910.0;
79256559;GRÖNLID;SOFAS;4800.0;
89149936;LYCKSELE HÅVET;SOFAS;1645.0;
89256323;GRÖNLID;SOFAS;1140.0;
89303428;VIMLE;SOFAS;1990.0;
99277240;GRÖNLID;SOFAS;3540.0;
50340163;NYHAMN;SOFAS;450.0;
9186112;HEMNES;SOFAS;2195.0;
39279280;FYRESDAL;SOFAS;1139.0;
80398633;GRÖNLID;SOFAS;900.0;
9257029;LIDHULT;SOFAS;3908.0;
9276004;GRÖNLID;SOFAS;595.0;
49256589;GRÖNLID;SOFAS;2700.0;
60198588;KIVIK;SOFAS;3560.0;
89256610;GRÖNLID;SOFAS;8900.0;
102065;LYCKSELE LÖVÅS;SOFAS;495.0;
9217972;VIMLE;SOFAS;1400.0;
9218189;VIMLE;SOFAS;1615.0;
9293107;LIDHULT;SOFAS;4841.0;
9307741;GRÖNLID;SOFAS;960.0;
10052362;POÄNG;SOFAS;150.0;
19218315;VIMLE;SOFAS;900.0;
19278795;GRÖNLID;SOFAS;665.0;
19284796;VIMLE;SOFAS;4010.0;
19294192;VIMLE;SOFAS;685.0;
19302328;VIMLE;SOFAS;775.0;
29252078;HAVSTEN;SOFAS;4070.0;
29255152;GRÖNLID;SOFAS;1025.0;
20387939;HOLMSUND;SOFAS;550.0;
29256142;GRÖNLID;SOFAS;840.0;
29278144;GRÖNLID;SOFAS;4270.0;
29290056;LIDHULT;SOFAS;3140.0;
29292442;VIMLE;SOFAS;3875.0;
29303327;VIMLE;SOFAS;960.0;
30094592;POÄNG;SOFAS;250.0;
30397669;GRÖNLID;SOFAS;2100.0;
39257457;LIDHULT;SOFAS;5040.0;
39266008;LIDHULT;SOFAS;5553.0;
49255170;GRÖNLID;SOFAS;365.0;
49267286;HAVSTEN;SOFAS;3925.0;
49289047;DELAKTIG;SOFAS;1500.0;
59218243;VIMLE;SOFAS;1280.0;
59256329;GRÖNLID;SOFAS;1075.0;
59256579;GRÖNLID;SOFAS;7400.0;
59266074;LIDHULT;SOFAS;7873.0;
59278699;GRÖNLID;SOFAS;520.0;
60289319;STOCKSUND;SOFAS;100.0;
69111190;NORSBORG;SOFAS;1220.0;
69218068;VIMLE;SOFAS;660.0;
69256574;GRÖNLID;SOFAS;6000.0;
60397998;GRÖNLID;SOFAS;300.0;
69276039;LIDHULT;SOFAS;5810.0;
70405064;LIDHULT;SOFAS;845.0;
79285439;VIMLE;SOFAS;1260.0;
80398628;GRÖNLID;SOFAS;1600.0;
89241614;NORSBORG;SOFAS;340.0;
89256605;GRÖNLID;SOFAS;5700.0;
89278754;GRÖNLID;SOFAS;835.0;
99277754;VALLENTUNA;SOFAS;4172.0;
99278956;GRÖNLID;SOFAS;1250.0;
99292052;LIDHULT;SOFAS;6228.0;
10348905;KIVIK;SOFAS;950.0;
20320128;FLEKKE;SOFAS;1495.0;
40284191;NOCKEBY;SOFAS;150.0;
19289954;LIDHULT;SOFAS;1750.0;
10321369;HOLMSUND;SOFAS;495.0;
69130037;FLEKKE;SOFAS;2085.0;
79130027;BRIMNES;SOFAS;1685.0;
89255639;GRÖNLID;SOFAS;1045.0;
90476258;HÄSSELBY;SOFAS;295.0;
10397745;GRÖNLID;SOFAS;1900.0;
19111220;NORSBORG;SOFAS;1340.0;
10441729;FLOTTEBO;SOFAS;316.0;
20405085;LIDHULT;SOFAS;3196.0;
29285521;VIMLE;SOFAS;2945.0;
39110917;NORSBORG;SOFAS;1060.0;
49257348;LIDHULT;SOFAS;7748.0;
60102067;LYCKSELE HÅVET;SOFAS;795.0;
69256569;GRÖNLID;SOFAS;5600.0;
70404366;LIDHULT;SOFAS;2396.0;
79256564;GRÖNLID;SOFAS;5800.0;
80102066;LYCKSELE MURBO;SOFAS;695.0;
90398623;GRÖNLID;SOFAS;1400.0;
19011777;MELLTORP;MESAS;199.0;
70466496;LJUV;MESAS;245.0;
60214159;MALM;MESAS;475.0;
49011766;MELLTORP / ADDE;MESAS;179.0;
59133593;LINNMON / ADILS;MESAS;270.0;
19216694;SKÅDIS;MESAS;80.0;
50411990;GLADOM;MESAS;59.0;
80213074;MICKE;MESAS;276.0;
90449905;LACK;MESAS;89.0;
10203610;MALM;MESAS;375.0;
30449908;LACK;MESAS;30.0;
30213076;MICKE;MESAS;175.0;
79214159;LINNMON / ADILS;MESAS;111.0;
433895;LINDVED;MESAS;85.0;
80213309;VITTSJÖ;MESAS;179.0;
30381183;KNARREVIK;MESAS;39.0;
80449901;LACK;MESAS;149.0;
80221352;VITTSJÖ;MESAS;159.0;
99000483;TÄRENDÖ;MESAS;125.0;
250249;VITTSJÖ;MESAS;129.0;
49047119;LINNMON / ALEX;MESAS;460.0;
50322239;KVISTBRO;MESAS;195.0;
19222299;KALLAX;MESAS;450.0;
29932181;LINNMON / ADILS;MESAS;119.0;
90278277;LILLÅSEN;MESAS;625.0;
50434307;LUBBAN;MESAS;275.0;
30413495;HEMNES;MESAS;495.0;
39932562;LINNMON / ADILS;MESAS;145.0;
59000705;LINNMON / LERBERG;MESAS;175.0;
90214308;MICKE;MESAS;395.0;
20382932;RÅSKOG;MESAS;189.0;
90471519;GLADOM;MESAS;195.0;
70335486;FJÄLLBO;MESAS;295.0;
80215332;VITTSJÖ;MESAS;249.0;
50087072;LIATORP;MESAS;645.0;
29214213;LINNMON / GODVIN;MESAS;185.0;
50244741;MICKE;MESAS;690.0;
50351175;GRANBODA;MESAS;295.0;
50161321;HOL;MESAS;395.0;
39011781;MELLTORP;MESAS;99.0;
10457999;BERGENES;MESAS;9.0;
29304020;LINNMON / ALEX;MESAS;930.0;
10432193;LACK;MESAS;29.0;
30339735;FJÄLLBO;MESAS;295.0;
99129004;PÅHL;MESAS;450.0;
90442824;LOMMARP;MESAS;545.0;
9903014;MICKE;MESAS;451.0;
60466500;LJUV;MESAS;245.0;
20045205;SNIGLAR;MESAS;145.0;
30465489;SMÅGÖRA;MESAS;95.0;
60428344;FREKVENS;MESAS;101.5;
70239710;STOCKHOLM;MESAS;995.0;
20260718;ALEX;MESAS;200.0;
39932699;LINNMON / ALEX;MESAS;550.0;
99014376;MELLTORP / ADDE;MESAS;359.0;
30374413;HEMNES;MESAS;595.0;
49001965;LINNMON / ADILS;MESAS;300.0;
90409607;ALEX;MESAS;795.0;
60340389;BURVIK;MESAS;129.0;
105064;LIATORP;MESAS;445.0;
29217495;LINNMON / ALEX;MESAS;480.0;
40197486;TOFTERYD;MESAS;795.0;
30128629;STUVA;MESAS;175.0;
79902657;VITTSJÖ;MESAS;554.0;
20433371;KVISTBRO;MESAS;175.0;
60322130;KULLEN;MESAS;89.0;
30351440;LISTERBY;MESAS;595.0;
90363223;HEMNES;MESAS;795.0;
60306494;PÅHL;MESAS;125.0;
80270125;LÖVBACKEN;MESAS;299.0;
452624;NYBODA;MESAS;375.0;
90423887;NORDEN;MESAS;899.0;
49932670;LINNMON / ADILS;MESAS;235.0;
60214183;MALM;MESAS;645.0;
50178411;LÄTT;MESAS;135.0;
10351441;LUNNARP;MESAS;259.0;
49306184;LINNMON / LERBERG;MESAS;195.0;
359739;ROTHULT;MESAS;95.0;
29214312;LINNMON / ALEX;MESAS;390.0;
10234942;BRIMNES;MESAS;155.0;
60193736;LACK;MESAS;39.0;
29870932;GERTON / ODDVALD;MESAS;545.0;
374297;HEMNES;MESAS;225.0;
10434309;GAMLEHULT;MESAS;325.0;
60447677;NORDKISA;MESAS;245.0;
70342533;FLOTTEBO;MESAS;80.0;
40173065;LIATORP;MESAS;245.0;
79010690;TÄRENDÖ / ADDE;MESAS;285.0;
70290459;BRIMNES;MESAS;345.0;
60261184;MALMSTA;MESAS;895.0;
20302596;ISBERGET;MESAS;10.0;
89110934;THYGE;MESAS;495.0;
79304008;LINNMON / ALEX;MESAS;795.0;
99930961;LINNMON / LALLE;MESAS;385.0;
40349263;LACK;MESAS;139.0;
30180504;NORBERG;MESAS;225.0;
30302299;BRUSALI;MESAS;295.0;
10239713;STOCKHOLM;MESAS;795.0;
30439457;NIKKEBY;MESAS;295.0;
60136680;VEJMON;MESAS;475.0;
70161320;HOL;MESAS;225.0;
70399020;LUNNARP;MESAS;159.0;
10466499;LJUV;MESAS;475.0;
90346592;YPPERLIG;MESAS;245.0;
40330862;LIERSKOGEN;MESAS;225.0;
40148368;JÄPPLING;MESAS;545.0;
20342074;REGISSÖR;MESAS;745.0;
50211104;JOKKMOKK;MESAS;549.0;
14630009;INGO;MESAS;275.0;
99902661;VITTSJÖ;MESAS;609.0;
39214284;LINNMON / LERBERG;MESAS;175.0;
20359984;TYSSEDAL;MESAS;750.0;
30236025;TRYSIL;MESAS;175.0;
29223830;LINNMON / HILVER;MESAS;775.0;
30415625;GRUNDSUND;MESAS;345.0;
50304990;BRUSALI;MESAS;325.0;
90452587;KRAGSTA;MESAS;495.0;
20452637;NYBODA;MESAS;175.0;
19214322;LINNMON / ADILS;MESAS;165.0;
40304467;MARYD;MESAS;345.0;
30306495;PÅHL;MESAS;100.0;
251135;LINNMON;MESAS;59.0;
20439472;NORDKISA;MESAS;476.0;
10455410;KORNSJÖ;MESAS;745.0;
60150176;BRÄDA;MESAS;15.0;
70455412;KORNSJÖ;MESAS;195.0;
40217069;INGATORP;MESAS;1445.0;
385309;SANDARED;MESAS;345.0;
19282844;BEKANT;MESAS;1370.0;
90217972;ADILS;MESAS;15.0;
20270816;ASKVOLL;MESAS;175.0;
70340379;GUALÖV;MESAS;275.0;
70353734;LINNMON;MESAS;51.0;
60423105;INGATORP;MESAS;595.0;
40410340;ALEX;MESAS;345.0;
69162599;KULLABERG;MESAS;695.0;
50409044;LISTERBY;MESAS;395.0;
30409035;LISTERBY;MESAS;495.0;
10346077;ANVÄNDCOCINA;MESAS;476.0;
30466498;LJUV;MESAS;195.0;
40344449;VILTO;MESAS;87.0;
70294339;LISABO;MESAS;695.0;
404204;HAVSTA;MESAS;595.0;
9213931;KLIMPEN;MESAS;1590.0;
60422549;HAVSTA;MESAS;495.0;
59216668;LINNMON / ODDVALD;MESAS;255.0;
19128961;PÅHL;MESAS;395.0;
49214306;LINNMON / ALEX;MESAS;356.0;
80214549;MALM;MESAS;165.0;
70403512;BYLLAN;MESAS;69.0;
60444259;LERHAMN;MESAS;299.0;
70351481;VIGGJA;MESAS;99.0;
9184448;SVALNÄS;MESAS;620.0;
50466497;LJUV;MESAS;345.0;
69261882;TYSSEDAL;MESAS;925.0;
80130776;LERBERG;MESAS;45.0;
70245339;BESTÅ BURS;MESAS;895.0;
50106773;GERTON;MESAS;395.0;
19213582;GLASHOLM / ALEX;MESAS;965.0;
79000686;LINNMON / GODVIN;MESAS;275.0;
80280676;SVALSTA;MESAS;399.0;
80372464;BEKANT;MESAS;49.0;
80430746;SYVDE;MESAS;595.0;
10415853;SUNDSTA;MESAS;345.0;
80261183;MALMSTA;MESAS;595.0;
90278588;ARKELSTORP;MESAS;595.0;
30199283;ÖNSKLIG;MESAS;59.0;
70367444;SONGESAND;MESAS;155.0;
39296901;MELLTORP / TEODORES;MESAS;289.0;
80419070;FUSION;MESAS;1196.0;
30299070;LISABO;MESAS;745.0;
70452593;KRAGSTA;MESAS;595.0;
30345717;FINNVARD;MESAS;160.0;
10201673;SUNDVIK;MESAS;175.0;
40320349;SETSKOG;MESAS;159.0;
20295925;TINGBY;MESAS;199.0;
10423886;NORDEN;MESAS;899.0;
409051;LISTERBY;MESAS;695.0;
49128945;PÅHL;MESAS;295.0;
9214209;LINNMON / GODVIN;MESAS;151.0;
69040353;RYDEBÄCK;MESAS;495.0;
40444255;LERHAMN;MESAS;399.0;
70228325;RESÖ;MESAS;205.0;
40136681;VEJMON;MESAS;345.0;
349444;TINGBY;MESAS;149.0;
19280680;INGATORP / INGOLF;MESAS;2615.0;
39213576;GLASHOLM / ALEX;MESAS;1035.0;
20222458;SUMMERA;MESAS;45.0;
30371240;GAMLARED;MESAS;395.0;
49006425;BEKANT;MESAS;1325.0;
79221169;GAMLARED / LERHAMN;MESAS;685.0;
49000701;LINNMON / LERBERG;MESAS;265.0;
30299485;KNOTTEN;MESAS;556.0;
29286931;BEKANT;MESAS;1389.0;
59213938;KLIMPEN / LALLE;MESAS;775.0;
69223828;GERTON;MESAS;1285.0;
89214314;LINNMON / GODVIN;MESAS;376.0;
70299959;TYSSEDAL;MESAS;325.0;
90180025;MICKE;MESAS;175.0;
20400276;TRULSTORP;MESAS;645.0;
80251358;LINNMON;MESAS;225.0;
50196354;SUNDVIK;MESAS;140.0;
89217505;LINNMON / ALEX;MESAS;550.0;
80217524;BJURSTA;MESAS;225.0;
29297294;MELLTORP / NILSOVE;MESAS;889.0;
90372454;BEKANT;MESAS;110.0;
10118971;ODDVALD;MESAS;75.0;
40261057;LINNMON;MESAS;15.0;
9213912;KLIMPEN;MESAS;1465.0;
434277;MÖJLIGHET;MESAS;15.0;
70334057;IKEA PS 2017;MESAS;346.5;
60245721;HEMNES;MESAS;1196.0;
70297658;LISABO;MESAS;545.0;
80362974;SLÄKT;MESAS;295.0;
19214275;LINNMON / OLOV;MESAS;375.0;
80226137;VÄDRA;MESAS;95.0;
30264301;OLOV;MESAS;50.0;
423108;INGATORP;MESAS;595.0;
20353736;LINNMON;MESAS;105.0;
39214298;LINNMON / ALEX;MESAS;490.0;
69128992;PÅHL;MESAS;420.0;
10253025;BEKANT;MESAS;500.0;
99011764;MELLTORP / MARIUS;MESAS;149.0;
10411421;TRANARÖ;MESAS;95.0;
39280698;MELLTORP / NISSE;MESAS;197.0;
30428982;NORRÅKER;MESAS;596.0;
50424006;SUNDVIK;MESAS;796.0;
80278287;HILVER;MESAS;345.0;
50200271;GODVIN;MESAS;25.0;
99286254;EKET;MESAS;80.0;
99215695;LINNMON / KRILLE;MESAS;405.0;
50365177;MAMMUT;MESAS;129.0;
99323614;SMÅGÖRA;MESAS;370.0;
60192826;ALEX;MESAS;275.0;
50414210;HAVSTA;MESAS;445.0;
29304826;TOMMARYD;MESAS;695.0;
60365167;MAMMUT;MESAS;129.0;
89010699;TÄRENDÖ / GUNDE;MESAS;245.0;
50460886;SMÅGÖRA;MESAS;275.0;
70407360;BJÖRKSNÄS;MESAS;395.0;
40237840;LALLE;MESAS;75.0;
90428984;NORRÅKER;MESAS;395.0;
10452628;NYBODA;MESAS;275.0;
59933179;LINNMON / ODDVALD;MESAS;325.0;
79282426;BEKANT;MESAS;905.0;
19282085;BEKANT;MESAS;2950.0;
50374271;HEMNES;MESAS;375.0;
69306277;LERHAMN;MESAS;979.0;
50363970;SANDARED;MESAS;445.0;
10373495;BEKANT;MESAS;1495.0;
10353765;KLIMPEN;MESAS;345.0;
49128969;PÅHL;MESAS;425.0;
49215693;LINNMON / GODVIN;MESAS;275.0;
293772;MÖCKELBY;MESAS;2495.0;
19280982;IDÅSEN;MESAS;2995.0;
39221307;EKEDALEN / HENRIKSDAL;MESAS;2765.0;
80278273;HILVER;MESAS;100.0;
9214153;LINNMON / ADILS;MESAS;175.0;
39001942;LINNMON / KRILLE;MESAS;475.0;
59930958;LINNMON / LALLE;MESAS;475.0;
90365180;MAMMUT;MESAS;149.0;
39306288;LERHAMN;MESAS;589.0;
50219044;FREDDE;MESAS;1095.0;
79286033;MELLTORP / TEODORES;MESAS;579.0;
10297656;LISABO;MESAS;295.0;
19022808;BEKANT;MESAS;1120.0;
80361564;VANGSTA;MESAS;545.0;
19161489;MELLTORP / NISSE;MESAS;297.0;
70359986;TYSSEDAL;MESAS;395.0;
90344507;STOCKHOLM 2017;MESAS;516.0;
20293766;MÖRBYLÅNGA;MESAS;2495.0;
40423106;INGATORP;MESAS;595.0;
9320813;SKARSTA;MESAS;1000.0;
360479;SKÖTSAM;MESAS;25.0;
29161484;LISABO / LEIFARNE;MESAS;1675.0;
39213915;KLIMPEN;MESAS;1540.0;
89286513;BEKANT;MESAS;939.0;
10356127;VÄDRA;MESAS;30.0;
353761;KLIMPEN;MESAS;200.0;
30260807;ARKELSTORP;MESAS;795.0;
79140700;ÖVRARYD;MESAS;635.0;
90365458;TORSKLINT;MESAS;100.0;
366301;BEKANT;MESAS;675.0;
29287964;BEKANT;MESAS;1769.0;
29296690;BEKANT;MESAS;6180.0;
69276256;MÖCKELBY / HENRIKSDAL;MESAS;4265.0;
60261037;ARKELSTORP;MESAS;945.0;
69253146;STUVA / FRITIDS;MESAS;810.0;
361940;INGATORP;MESAS;695.0;
90388978;VIKHAMMER;MESAS;395.0;
70340807;EKEDALEN;MESAS;795.0;
20225334;STUVA;MESAS;545.0;
99047145;HILVER / LERBERG;MESAS;435.0;
19246144;SKOGSTA / NORRARYD;MESAS;3555.0;
29330811;LINNMON / LERBERG;MESAS;175.0;
39335498;LINNMON / ADILS;MESAS;145.0;
9282547;BEKANT;MESAS;1255.0;
20116778;BJURSTA;MESAS;1195.0;
49133616;KALLAX;MESAS;755.0;
89297286;MÖRBYLÅNGA / BALTSAR;MESAS;6065.0;
9213686;GLASHOLM / ODDVALD;MESAS;495.0;
9214233;LINNMON / OLOV;MESAS;351.0;
40348664;YPPERLIG;MESAS;275.0;
49289392;BEKANT;MESAS;6614.0;
49320774;SVALNÄS;MESAS;1840.0;
59213839;KLIMPEN;MESAS;1315.0;
59254165;INGATORP / INGOLF;MESAS;2725.0;
69214230;LINNMON / KRILLE;MESAS;385.0;
79061180;BEKANT;MESAS;6024.0;
79286820;BEKANT;MESAS;1039.0;
80278305;BEKANT;MESAS;2375.0;
89331332;LINNMON / ADILS;MESAS;235.0;
70221423;INGATORP;MESAS;945.0;
79161486;MELLTORP / ADDE;MESAS;359.0;
49285817;EKET;MESAS;94.0;
60251335;LINNMON;MESAS;195.0;
19220196;LINNMON / OLOV;MESAS;285.0;
20273594;FLISAT;MESAS;449.0;
59221165;GAMLARED / STEFAN;MESAS;565.0;
60261626;GERTON;MESAS;80.0;
40219285;NORDLI;MESAS;425.0;
99215681;LINNMON / GODVIN;MESAS;205.0;
99282538;BEKANT;MESAS;1294.0;
9128947;PÅHL;MESAS;325.0;
69282629;BEKANT;MESAS;1325.0;
69297268;NORRÅKER / NORRARYD;MESAS;915.0;
9323623;SMÅGÖRA;MESAS;465.0;
49007217;GAMLEBY;MESAS;2475.0;
49336077;LINNMON / FINNVARD;MESAS;495.0;
69214145;KLIMPEN;MESAS;2285.0;
90400517;EKEDALEN;MESAS;796.0;
9046433;GERTON;MESAS;715.0;
9161569;INGATORP / HENRIKSDAL;MESAS;2625.0;
9280930;IDÅSEN;MESAS;2845.0;
10252974;BEKANT;MESAS;825.0;
29046583;BEKANT;MESAS;6028.0;
49229925;ÅMLIDEN / KRILLE;MESAS;595.0;
50267308;BEKANT;MESAS;875.0;
59214240;LINNMON / OLOV;MESAS;415.0;
59282291;BEKANT;MESAS;2920.0;
60355446;ALVARET;MESAS;95.0;
69221344;EKEDALEN / ODGER;MESAS;1975.0;
69229217;EKEDALEN / BERNHARD;MESAS;5465.0;
79140696;SLÄHULT;MESAS;615.0;
80281416;RYDEBÄCK;MESAS;300.0;
89217510;LINNMON / ALEX;MESAS;430.0;
99216652;LINNMON / KRILLE;MESAS;475.0;
29917307;INGATORP / INGOLF;MESAS;1725.0;
20400243;LEN;MESAS;89.0;
50444306;LERHAMN;MESAS;299.0;
70419264;SKOGSTA;MESAS;1995.0;
90297657;LISABO;MESAS;395.0;
40426275;SKOGSTORP;MESAS;1795.0;
89215672;LINNMON / ADILS;MESAS;235.0;
19281024;IDÅSEN;MESAS;1295.0;
20433903;MARKERAD;MESAS;837.0;
29304223;EKEDALEN / EKEDALEN;MESAS;2375.0;
30250257;KRILLE;MESAS;75.0;
59161487;MELLTORP / JANINGE;MESAS;1099.0;
40339004;NORRÅKER;MESAS;595.0;
40348923;TINGBY;MESAS;995.0;
59282583;BEKANT;MESAS;1295.0;
89281030;IDÅSEN;MESAS;1590.0;
9229946;ÅMLIDEN / OLOV;MESAS;495.0;
39297118;LISABO / RÖNNINGE;MESAS;2075.0;
69221297;EKEDALEN / ODGER;MESAS;1975.0;
69260081;YPPERLIG;MESAS;665.0;
69282399;BEKANT;MESAS;844.0;
69297249;NORRÅKER / RÖNNINGE;MESAS;1085.0;
69331012;LINNMON / LERBERG;MESAS;265.0;
79006297;BEKANT;MESAS;4240.0;
89284689;BEKANT;MESAS;1850.0;
252875;BEKANT;MESAS;925.0;
340759;EKEDALEN;MESAS;995.0;
9252197;INGATORP / INGATORP;MESAS;3225.0;
9285701;INGATORP / INGOLF;MESAS;3015.0;
19240750;INGATORP / INGATORP;MESAS;2725.0;
19246097;MÖRBYLÅNGA / LEIFARNE;MESAS;3075.0;
29229931;GERTON / TORSKLINT;MESAS;795.0;
29280689;EKEDALEN / BERNHARD;MESAS;5465.0;
29282532;BEKANT;MESAS;1105.0;
29304765;NORDVIKEN / NORDVIKEN;MESAS;3345.0;
366749;BEKANT;MESAS;495.0;
30255250;BEKANT;MESAS;2100.0;
39214321;LINNMON / GODVIN;MESAS;410.0;
39280679;INGATORP / INGOLF;MESAS;2615.0;
40368713;NORDVIKEN;MESAS;1995.0;
49221298;EKEDALEN / LEIFARNE;MESAS;1575.0;
49297293;TINGBY / NILSOVE;MESAS;2575.0;
50268812;BEKANT;MESAS;237.0;
59222264;LINNMON / ALVARET;MESAS;555.0;
59288212;BEKANT;MESAS;6608.0;
79161575;ÖVRARYD / JANINGE;MESAS;1535.0;
79214319;LINNMON / GODVIN;MESAS;440.0;
79288273;BEKANT;MESAS;3664.0;
89214309;LINNMON / ALEX;MESAS;420.0;
89252202;INGATORP / INGATORP;MESAS;3225.0;
60253184;BEKANT;MESAS;545.0;
89297229;NORRÅKER / RÖNNINGE;MESAS;1976.0;
89305173;NORDVIKEN / NORRARYD;MESAS;2535.0;
99323925;STENSELE;MESAS;550.0;
50298418;FLISAT;MESAS;349.0;
30424007;SUNDVIK;MESAS;995.0;
79296857;EKEDALEN / EKEDALEN;MESAS;1695.0;
79912760;NORBERG / NISSE;MESAS;324.0;
60444301;LERHAMN;MESAS;399.0;
19221351;EKEDALEN / EKEDALEN;MESAS;2345.0;
70340765;EKEDALEN;MESAS;995.0;
20307037;GULLIVER;MESAS;795.0;
39279567;EKEDALEN / EKEDALEN;MESAS;2345.0;
60447776;LANEBERG;MESAS;695.0;
30340809;EKEDALEN;MESAS;795.0;
39180830;STUVA / FÖLJA;MESAS;825.0;
60416138;LANEBERG;MESAS;695.0;
89221475;IKEA PS 2012 / TEODORES;MESAS;1085.0;
19285866;NORDEN / RÅSKOG;MESAS;1067.0;
29221765;SVALNÄS;MESAS;660.0;
10420152;VANGSTA;MESAS;495.0;
39931845;TORSBY;MESAS;895.0;
40340804;EKEDALEN;MESAS;795.0;
49022519;BEKANT;MESAS;2645.0;
49214231;LINNMON / KRILLE;MESAS;385.0;
50386245;MÖRBYLÅNGA;MESAS;2295.0;
59040344;VÄSTANBY;MESAS;1315.0;
20403878;IDÅSEN;MESAS;450.0;
79221310;EKEDALEN / EKEDALEN;MESAS;1640.0;
80397916;IDÅSEN;MESAS;845.0;
90340769;EKEDALEN;MESAS;995.0;
99296899;MELLTORP / TEODORES;MESAS;249.0;
19324815;SKARSTA;MESAS;1095.0;
20206806;IKEA PS 2012;MESAS;895.0;
30353745;GLASHOLM;MESAS;345.0;
49304217;EKEDALEN / EKEDALEN;MESAS;2176.0;
59254170;INGATORP / INGOLF;MESAS;2725.0;
59286963;BEKANT;MESAS;1350.0;
60247027;GAMLEBY;MESAS;1295.0;
60353763;KLIMPEN;MESAS;495.0;
69222249;GERTON;MESAS;775.0;
69282525;BEKANT;MESAS;1044.0;
60403881;IDÅSEN;MESAS;600.0;
69297292;YPPERLIG / NILSOVE;MESAS;2575.0;
70279447;VÄSTANÅ;MESAS;595.0;
79288032;MÖRBYLÅNGA / TOSSBERG;MESAS;5465.0;
79288230;STENSELE;MESAS;450.0;
79320758;SVALNÄS;MESAS;1830.0;
80382439;LISABO;MESAS;695.0;
89323921;STENSELE;MESAS;450.0;
99331384;LINNMON / OLOV;MESAS;375.0;
99932615;LINNMON / KRILLE;MESAS;265.0;
9061169;BEKANT;MESAS;2875.0;
9214148;KLIMPEN;MESAS;2585.0;
9240779;INGATORP / INGATORP;MESAS;2725.0;
9251824;MÖRBYLÅNGA / VOLFGANG;MESAS;4745.0;
9259702;LISABO / ODGER;MESAS;1875.0;
9288035;BEKANT;MESAS;3304.0;
9335555;LINNMON / LERBERG;MESAS;330.0;
10365457;ÅMLIDEN;MESAS;295.0;
19130501;SLÄHULT/DALSHULT / LEIFARNE;MESAS;1975.0;
19131652;MÖRBYLÅNGA / LEIFARNE;MESAS;3665.0;
19252173;VANGSTA / TEODORES;MESAS;845.0;
19297275;NORRÅKER / NORRÅKER;MESAS;1266.0;
19305044;MÖRBYLÅNGA / ODGER;MESAS;3475.0;
19335550;LINNMON / ALEX;MESAS;460.0;
20340824;EKEDALEN;MESAS;795.0;
20255321;BEKANT;MESAS;545.0;
20368714;NORDVIKEN;MESAS;1495.0;
29061210;BEKANT;MESAS;3249.0;
29296906;MÖRBYLÅNGA / ODGER;MESAS;4265.0;
29331354;LINNMON / KRILLE;MESAS;475.0;
30247104;SLÄHULT;MESAS;420.0;
30252911;BEKANT;MESAS;700.0;
30255325;BEKANT;MESAS;725.0;
30279449;VÄSTANBY;MESAS;720.0;
30366286;BEKANT;MESAS;545.0;
39284677;BEKANT;MESAS;2480.0;
39297156;STENSELE / RÖNNINGE;MESAS;1140.0;
39305180;NORDVIKEN / LEIFARNE;MESAS;2275.0;
49284610;BEKANT;MESAS;1240.0;
49304769;NORDVIKEN / LEIFARNE;MESAS;3165.0;
49331310;LINNMON / KRILLE;MESAS;385.0;
49335515;LINNMON / OLOV;MESAS;285.0;
59131626;MÖRBYLÅNGA / BERNHARD;MESAS;6965.0;
59161492;MÖCKELBY / NORRARYD;MESAS;4055.0;
59277015;MÖCKELBY / HENRIKSDAL;MESAS;4265.0;
59287929;BEKANT;MESAS;3064.0;
60252877;BEKANT;MESAS;745.0;
60278306;BEKANT;MESAS;2275.0;
69130612;VÄSTANBY/VÄSTANÅ / LEIFARNE;MESAS;2095.0;
69161552;RYDEBÄCK/BACKARYD / JANINGE;MESAS;1395.0;
69213928;KLIMPEN;MESAS;1515.0;
69221283;EKEDALEN / ODGER;MESAS;1149.0;
69229222;EKEDALEN / HENRIKSDAL;MESAS;2765.0;
69229934;LINNMON / TORSKLINT;MESAS;459.0;
79046991;BEKANT;MESAS;1834.0;
80356341;KLIMPEN;MESAS;475.0;
89259840;MÖRBYLÅNGA / VOLFGANG;MESAS;3795.0;
89286805;BEKANT;MESAS;1000.0;
89304767;NORDVIKEN / LEIFARNE;MESAS;3165.0;
89305168;NORDVIKEN / RÖNNINGE;MESAS;2875.0;
99213941;KLIMPEN / LALLE;MESAS;850.0;
99214200;LINNMON / GODVIN;MESAS;215.0;
99251853;TORSBY / VOLFGANG;MESAS;2395.0;
99288069;BEKANT;MESAS;6128.0;
99305158;NORDVIKEN / RÖNNINGE;MESAS;2875.0;
29221256;MELLTORP / TEODORES;MESAS;579.0;
90222407;INGATORP;MESAS;945.0;
39306250;LERHAMN;MESAS;979.0;
19252168;MELLTORP / TEODORES;MESAS;499.0;
59221189;VANGSTA / TEODORES;MESAS;925.0;
59306268;LERHAMN;MESAS;589.0;
69221278;EKEDALEN / EKEDALEN;MESAS;1695.0;
89304791;LANEBERG / EKEDALEN;MESAS;1595.0;
79046038;HILVER;MESAS;745.0;
9010702;MELLTORP / MARIUS;MESAS;299.0;
19221450;EKEDALEN / EKEDALEN;MESAS;2345.0;
39285771;INGATORP / INGOLF;MESAS;3015.0;
49217772;LINNMON / ALEX;MESAS;500.0;
80346583;YPPERLIG;MESAS;995.0;
90420332;FREKVENS;MESAS;265.0;
99304804;TOMMARYD;MESAS;595.0;
9288224;STENSELE;MESAS;550.0;
39297236;NORRÅKER / NORRARYD;MESAS;1636.0;
19297157;INGATORP / INGOLF;MESAS;1725.0;
20340758;EKEDALEN;MESAS;995.0;
29221435;EKEDALEN / EKEDALEN;MESAS;1695.0;
40400529;EKEDALEN;MESAS;796.0;
59001955;LINNMON / KRILLE;MESAS;385.0;
90305723;ÖVRARYD;MESAS;440.0;
90353747;KLIMPEN;MESAS;550.0;
9301720;TOMMARYD;MESAS;595.0;
39047148;HILVER / GODVIN;MESAS;445.0;
39221190;TINGBY / LEIFARNE;MESAS;2165.0;
49221439;EKEDALEN / HENRIKSDAL;MESAS;2765.0;
49297274;NORRÅKER / NORRÅKER;MESAS;1266.0;
69161482;IKEA PS 2012 / JANINGE;MESAS;1795.0;
79161561;TORSBY / LEIFARNE;MESAS;1675.0;
79241940;NORRÅKER / NORRÅKER;MESAS;1385.0;
79320744;SVALNÄS;MESAS;1245.0;
89221319;EKEDALEN / TOBIAS;MESAS;3065.0;
89297272;NORRÅKER / NORRARYD;MESAS;1266.0;
89304786;LANEBERG / KARLJAN;MESAS;1195.0;
90252908;BEKANT;MESAS;620.0;
99304762;LANEBERG / KARLJAN;MESAS;1195.0;
368814;NORDVIKEN;MESAS;995.0;
9222252;LINNMON / ALVARET;MESAS;439.0;
9229791;ÅMLIDEN / TORSKLINT;MESAS;695.0;
9246088;MÖRBYLÅNGA / BERNHARD;MESAS;5275.0;
9297129;STENSELE / RÖNNINGE;MESAS;1140.0;
9330874;HILVER / LERBERG;MESAS;435.0;
10412171;IDÅSEN;MESAS;2395.0;
19046574;BEKANT;MESAS;5300.0;
19103183;VÄSTANBY/VÄSTANÅ / BERNHARD;MESAS;4295.0;
19250697;LISABO / SVENBERTIL;MESAS;1675.0;
19277036;MÖCKELBY / FANBYN;MESAS;4145.0;
19285927;INGATORP / SAKARIAS;MESAS;4025.0;
19297261;NORRÅKER / NORRARYD;MESAS;915.0;
29161573;MÖRBYLÅNGA / BERNHARD;MESAS;6965.0;
29259838;MÖRBYLÅNGA / VOLFGANG;MESAS;4745.0;
29296874;EKEDALEN / EKEDALEN;MESAS;1245.0;
29297227;STENSELE / NORRARYD;MESAS;1340.0;
29297232;NORRÅKER / NORRARYD;MESAS;1636.0;
39161488;MELLTORP / JANINGE;MESAS;919.0;
39229940;LINNMON / TORSKLINT;MESAS;575.0;
39286898;BEKANT;MESAS;1100.0;
39297123;LISABO / RÖNNINGE;MESAS;2075.0;
39297255;NORRÅKER / RÖNNINGE;MESAS;1085.0;
39305161;NORDVIKEN / HENRIKSDAL;MESAS;2675.0;
39307706;VEDBO / VEDBO;MESAS;5865.0;
40247207;DALSHULT;MESAS;575.0;
49103247;LISABO / JANINGE;MESAS;1595.0;
49221321;EKEDALEN / ODGER;MESAS;2765.0;
49229261;EKEDALEN / HENRIKSDAL;MESAS;2765.0;
49252181;LISABO / SVENBERTIL;MESAS;1475.0;
49305165;NORDVIKEN / NORDVIKEN;MESAS;2395.0;
49390314;LINNMON / ALEX;MESAS;565.0;
50420386;VEDBO;MESAS;2295.0;
59047147;HILVER / GERTON;MESAS;665.0;
59161562;TORSBY / BERNHARD;MESAS;3875.0;
59214216;LINNMON / KRILLE;MESAS;415.0;
59229915;ÅMLIDEN / ALVARET;MESAS;675.0;
59246043;MÖRBYLÅNGA / BERNHARD;MESAS;5275.0;
59252190;TINGBY / LEIFARNE;MESAS;2165.0;
59305042;LISABO / ODGER;MESAS;1875.0;
59305061;MÖRBYLÅNGA / ODGER;MESAS;4265.0;
59305155;NORDVIKEN / NORDVIKEN;MESAS;2395.0;
69161203;RYDEBÄCK/BACKARYD / JANINGE;MESAS;1215.0;
69221320;EKEDALEN / HENRIKSDAL;MESAS;4565.0;
69221339;EKEDALEN / HENRIKSDAL;MESAS;1975.0;
69221438;EKEDALEN / ODGER;MESAS;1975.0;
69251821;MÖRBYLÅNGA / VOLFGANG;MESAS;3795.0;
69297230;NORRÅKER / RÖNNINGE;MESAS;1976.0;
69304221;EKEDALEN / EKEDALEN;MESAS;2176.0;
69305174;NORDVIKEN / NORRARYD;MESAS;2535.0;
69325855;KLIMPEN / TORSKLINT;MESAS;950.0;
79213895;KLIMPEN;MESAS;1390.0;
79229212;EKEDALEN / ODGER;MESAS;2765.0;
79277019;MÖCKELBY / ODGER;MESAS;4265.0;
79297300;MÖRBYLÅNGA / BALTSAR;MESAS;4675.0;
79304763;NORDVIKEN / NORDVIKEN;MESAS;3345.0;
79335552;LINNMON / ALEX;MESAS;550.0;
89161565;VÄSTANBY/VÄSTANÅ / BERNHARD;MESAS;4295.0;
89280380;NORRÅKER / NORRARYD;MESAS;1385.0;
89280714;MÖRBYLÅNGA / BERNHARD;MESAS;5275.0;
89280766;EKEDALEN / BERNHARD;MESAS;3775.0;
99221446;EKEDALEN / BERNHARD;MESAS;5465.0;
99222257;LINNMON / ALVARET;MESAS;465.0;
99229937;LINNMON / TORSKLINT;MESAS;485.0;
90247139;BACKARYD;MESAS;195.0;
99246098;MÖRBYLÅNGA / ODGER;MESAS;3475.0;
99304781;LANEBERG / KARLJAN;MESAS;1195.0;
99304795;LANEBERG / SVENBERTIL;MESAS;1475.0;
99305177;NORDVIKEN / LEIFARNE;MESAS;2275.0
